LCBO,N,N,Y,Y,Y,Y,Y,N,N,1109 Westshore Road,Pelee Island,N0R1M0,41.7618115,-82.6887335
LCBO,N,N,Y,Y,Y,Y,Y,N,N,16 Seacliff Drive East,Leamington,N8H2L2,42.0330356,-82.5978878
LCBO,N,N,Y,Y,Y,Y,Y,N,N,119 King Street West,Harrow,N0R1G0,42.0352878,-82.9206903
LCBO,N,N,Y,Y,Y,Y,Y,N,N,410 Main Street East,Kingsville,N9Y0C1,42.0380781,-82.7214369
LCBO,N,N,Y,Y,Y,Y,Y,N,N,495 Sandwich Street South,Amherstburg,N9V3G5,42.0938404,-83.1070511
LCBO,N,N,Y,Y,Y,Y,Y,N,N,39 Arthur Avenue,Essex,N8M2N1,42.1739728,-82.8204057
LCBO,N,N,Y,Y,Y,Y,Y,N,N,1825 Wyoming Avenue,Lasalle,N9H0C7,42.2493405,-83.058874
LCBO,N,N,Y,Y,Y,Y,Y,N,N,34 Queen Street South,Tilbury,N0P2L0,42.2576585,-82.4319497
LCBO,N,N,Y,Y,Y,Y,Y,N,N,3165 Howard Avenue,Windsor,N8X3Y9,42.2741759,-83.0058528
LCBO,N,N,Y,Y,Y,Y,Y,N,N,79 Eugenie Street East,Windsor,N8X2X9,42.2867435,-83.0164573
LCBO,N,N,Y,Y,Y,Y,Y,N,N,"1550 Huron Church Road, Unit 4",Windsor,N9C3Z3,42.2884536,-83.057199
LCBO,N,N,Y,Y,Y,Y,Y,N,N,337 Notre Dame Street,Belle River,N0R1A0,42.2932328,-82.6997598
LCBO,N,N,Y,Y,Y,Y,Y,N,N,15 Amy Croft Drive,Tecumseh,N9K1C7,42.3055517,-82.8680625
LCBO,N,N,Y,Y,Y,Y,Y,N,N,1320 Walker Road,Windsor,N8Y4T9,42.31360491,-83.00119932
LCBO,N,N,Y,Y,Y,Y,Y,N,N,7640 Tecumseh Road East,Windsor,N8T1E9,42.3154954,-82.9386565
LCBO,N,N,Y,Y,Y,Y,Y,N,N,400 University Avenue West,Windsor,N9A5P8,42.3166485,-83.0435156
LCBO,N,N,Y,Y,Y,Y,Y,N,N,24 Marlborough Street South,Blenheim,N0P1A0,42.3333435,-81.9983057
LCBO,N,N,Y,Y,Y,Y,Y,N,N,210 Wellington Street West,Chatham,N7M1J6,42.4037619,-82.1881458
LCBO,N,N,Y,Y,Y,Y,Y,N,N,807 St. Clair Street,Chatham,N7L0E9,42.4316217,-82.219778
LCBO,N,N,Y,Y,Y,Y,Y,N,N,20 Main Street West,Ridgetown,N0P2C0,42.4386297,-81.8872632
LCBO,N,N,Y,Y,Y,Y,Y,N,N,99 Industrial Road,Thamesville,N0P2K0,42.5548848,-81.9835502
LCBO,N,N,Y,Y,Y,Y,Y,N,N,243 Furnival Road,Rodney,N0L2C0,42.5688043,-81.6834779
LCBO,N,N,Y,Y,Y,Y,Y,N,N,30 Mcnaughton Avenue,Wallaceburg,N8A1R9,42.5879666,-82.3865053
LCBO,N,N,Y,Y,Y,Y,Y,N,N,188 Lindsley Street West,Dresden,N0P1M0,42.5921173,-82.1804778
LCBO,N,N,Y,Y,Y,Y,Y,N,N,3 Centre Street,Port Rowan,N0E1M0,42.625529,-80.4511222
LCBO,N,N,Y,Y,Y,Y,Y,N,N,30 Robinson Street,Port Burwell,N0J1T0,42.6462844,-80.8063704
LCBO,N,N,Y,Y,Y,Y,Y,N,N,234 Mary Street,Dutton,N0L1J0,42.6631406,-81.5031939
LCBO,N,N,Y,Y,Y,Y,Y,N,N,325 Bridge Street,Port Stanley,N5L1C5,42.6647264,-81.2151555
LCBO,N,N,Y,Y,Y,Y,Y,N,N,67 Queen Street,Langton,N0E1G0,42.7455583,-80.5799939
LCBO,N,N,Y,Y,Y,Y,Y,N,N,228 Currie Street,Glencoe,N0L1M0,42.7468423,-81.7129033
LCBO,N,N,Y,Y,Y,Y,Y,N,N,30 Wellington Street,Aylmer,N5H2K2,42.7716585,-80.987428
LCBO,N,N,Y,Y,Y,Y,Y,N,N,1010 Talbot Street,St. Thomas,N5P4N2,42.7784331,-81.1771938
LCBO,N,N,Y,Y,Y,Y,Y,N,N,117 Market Street East,Port Dover,N0A1N0,42.7877113,-80.2014979
LCBO,N,N,Y,Y,Y,Y,Y,N,N,42 Thompson Street,Courtright,N0N1H0,42.820445,-82.4730123
LCBO,N,N,Y,Y,Y,Y,Y,N,N,676 Highway 3 East,Wheatley,N0P2P0,42.8385859,-80.3448709
LCBO,N,N,Y,Y,Y,Y,Y,N,N,154 Queensway Road East,Simcoe,N3Y0A8,42.8480871,-80.2883628
LCBO,N,N,Y,Y,Y,Y,Y,N,N,249 James Street,Delhi,N4B2B2,42.8538534,-80.4936577
LCBO,N,N,Y,Y,Y,Y,Y,N,N,200 Broadway Street,Tillsonburg,N4G5A7,42.8620568,-80.7280248
LCBO,N,N,Y,Y,Y,Y,Y,N,N,4353 Petrolia Line,Petrolia,N0N1R0,42.8812735,-82.1341746
LCBO,N,N,Y,Y,Y,Y,Y,N,N,210 Caesar Road,Belmont,N0L1B0,42.8823709,-81.0847153
LCBO,N,N,Y,Y,Y,Y,Y,N,N,409 Gorham Road,Fort Erie,L0S1N0,42.8857566,-79.0602043
LCBO,N,N,Y,Y,Y,Y,Y,N,N,144 Clarence Street,Port Colborne,L3K3G5,42.885775,-79.2551354
LCBO,N,N,Y,Y,Y,Y,Y,N,N,408 Lyndoch Street,Corunna,N0N1G0,42.8883409,-82.4530445
LCBO,N,N,Y,Y,Y,Y,Y,N,N,222 Broad Street East,Dunnville,N1A1G2,42.9032155,-79.6155581
LCBO,N,N,Y,Y,Y,Y,Y,N,N,1105 Thompson Road,Fort Erie,L2A6T7,42.9065344,-78.9422897
LCBO,N,N,Y,Y,Y,Y,Y,N,N,2490 Main Street,London,N6P1R2,42.9094529,-81.2975317
LCBO,N,N,Y,Y,Y,Y,Y,N,N,37 St. James Street,Waterford,N0E1Y0,42.9337665,-80.2933856
LCBO,N,N,Y,Y,Y,Y,Y,N,N,1073 Wellington Road South,London,N6E1W4,42.9348996,-81.2244137
LCBO,N,N,Y,Y,Y,Y,Y,N,N,3050 Wonderland Road South,London,N6L1A6,42.9376732,-81.2802166
LCBO,N,N,Y,Y,Y,Y,Y,N,N,538 Huron Street,Watford,N0M2S0,42.9469785,-81.8785429
LCBO,N,N,Y,Y,Y,Y,Y,N,N,70 Carroll Street East,Strathroy,N7G4G2,42.947043,-81.6095053
LCBO,N,N,Y,Y,Y,Y,Y,N,N,1 Talbot Street West,Cayuga,N0A1E0,42.950015,-79.8564047
LCBO,N,N,Y,Y,Y,Y,Y,N,N,10166 Glendon Drive,Komoka,N0L1R0,42.9518727,-81.4226419
LCBO,N,N,Y,Y,Y,Y,Y,N,N,1240 Commissioners Road West,London,N6K1C7,42.9579407,-81.3314324
LCBO,N,N,Y,Y,Y,Y,Y,N,N,42 Main Street North,Hagersville,N0A1H0,42.9633949,-80.0500515
LCBO,N,N,Y,Y,Y,Y,Y,N,N,85 Wellington Road,London,N6C4M7,42.9712543,-81.2376497
LCBO,N,N,Y,Y,Y,Y,Y,N,N,250 North Christina Street,Sarnia,N7T7V3,42.974692,-82.405379
LCBO,N,N,Y,Y,Y,Y,Y,N,N,815 Ontario Road,Welland,L3B5V6,42.9763726,-79.2392467
LCBO,N,N,Y,Y,Y,Y,Y,N,N,"4475 London Line, Reeces Corners",Reeces Corners,N0N1T0,42.9788817,-82.1202291
LCBO,N,N,Y,Y,Y,Y,Y,N,N,71 York Street,London,N6A1A6,42.9802108,-81.2518705
LCBO,N,N,Y,Y,Y,Y,Y,N,N,4349 Hamilton Road,Dorchester,N0L1G3,42.9851243,-81.0488954
LCBO,N,N,Y,Y,Y,Y,Y,N,N,681 Wonderland North,London,N6H0H9,42.985491,-81.2929143
LCBO,N,N,Y,Y,Y,Y,Y,N,N,93 Main Street West,Norwich,N0J1P0,42.9862143,-80.6051127
LCBO,N,N,Y,Y,Y,Y,Y,N,N,1450 Quinn Drive,Sarnia,N7S6M8,42.9866534,-82.3466157
LCBO,N,N,Y,Y,Y,Y,Y,N,N,692 Lite Street,Point Edward,N7V1A5,42.9912499,-82.406408
LCBO,N,N,Y,Y,Y,Y,Y,N,N,348 Clarke Road,London,N5W6G4,43.0032211,-81.1743525
LCBO,N,N,Y,Y,Y,Y,Y,N,N,900 Oxford Street East,London,N5Y5A1,43.003589,-81.2277443
LCBO,N,N,Y,Y,Y,Y,Y,N,N,1981 Hyde Park Road,London,N6H0A3,43.0090522,-81.3331515
LCBO,N,N,Y,Y,Y,Y,Y,N,N,1142 Lakeshore Road,Sarnia,N7V2V8,43.0151038,-82.3654717
LCBO,N,N,Y,Y,Y,Y,Y,N,N,102 Primeway Drive,Welland,L3B0A1,43.0168938,-79.2274982
LCBO,N,N,Y,Y,Y,Y,Y,N,N,109 Fanshawe Park Road East,London,N5X3W1,43.0274861,-81.2741298
LCBO,N,N,Y,Y,Y,Y,Y,N,N,68 Charles Street West,Ingersoll,N5C2L6,43.0386273,-80.8861178
LCBO,N,N,Y,Y,Y,Y,Y,N,N,1820 Adelaide Street North,London,N5X4B7,43.04592,-81.2587999
LCBO,N,N,Y,Y,Y,Y,Y,N,N,114 Highway 20 East,Fonthill,L0S1E0,43.0476939,-79.2783835
LCBO,N,N,Y,Y,Y,Y,Y,N,N,309 Argyle Street South,Caledonia,N3W1K7,43.0640446,-79.9602225
LCBO,N,N,Y,Y,Y,Y,Y,N,N,7481 Oakwood Drive,Niagara Falls,L2E6S5,43.0671835,-79.1196087
LCBO,N,N,Y,Y,Y,Y,Y,N,N,5389 Ferry Street,Niagara Falls,L2G1R9,43.0898136,-79.0833216
LCBO,N,N,Y,Y,Y,Y,Y,N,N,249 St. Catharines Street,Smithville,L0R2A0,43.0953431,-79.5379293
LCBO,N,N,Y,Y,Y,Y,Y,N,N,8 Main Street South,Forest,N0N1J0,43.0963925,-82.0009867
LCBO,N,N,Y,Y,Y,Y,Y,N,N,29 Park Avenue,Burford,N0E1A0,43.1029802,-80.4273276
LCBO,N,N,Y,Y,Y,Y,Y,N,N,4694 Victoria Avenue,Niagara Falls,L2E4B9,43.1062322,-79.0729393
LCBO,N,N,Y,Y,Y,Y,Y,N,N,3714 Portage Road,Niagara Falls,L2J2K9,43.1192118,-79.0984615
LCBO,N,N,Y,Y,Y,Y,Y,N,N,2525 Regional Road 56,Binbrook,L0R1C0,43.1250713,-79.802489
LCBO,N,N,Y,Y,Y,Y,Y,N,N,959 Dundas Street,Woodstock,N4S1H2,43.1348419,-80.7326153
LCBO,N,N,Y,Y,Y,Y,Y,N,N,50 Market Street South,Brantford,N3S2E3,43.1364469,-80.2627977
LCBO,N,N,Y,Y,Y,Y,Y,N,N,343 Glendale Avenue,St. Catharines,L2T0A1,43.1376417,-79.2163553
LCBO,N,N,Y,Y,Y,Y,Y,N,N,420 Vansickle Road,St. Catharines,L2R6P9,43.1534203,-79.2698326
LCBO,N,N,Y,Y,Y,Y,Y,N,N,189 King Street East,St. Catharines,L2R3J5,43.1616619,-79.2437432
LCBO,N,N,Y,Y,Y,Y,Y,N,N,109 Louisa Street,Thedford,N0M2N0,43.1640997,-81.8532253
LCBO,N,N,Y,Y,Y,Y,Y,N,N,1-264 Main Street,Parkhill,N0M2K0,43.1649575,-81.6828957
LCBO,N,N,Y,Y,Y,Y,Y,N,N,4315 Ontario Street,Beamsville,L0R1B0,43.1667188,-79.4759182
LCBO,N,N,Y,Y,Y,Y,Y,N,N,84 Lynden Road,Brantford,N3R6B8,43.17262104,-80.24033598
LCBO,N,N,Y,Y,Y,Y,Y,N,N,2273 Rymal Road East,Stoney Creek,L8J2V8,43.1747074,-79.7779227
LCBO,N,N,Y,Y,Y,Y,Y,N,N,311 Geneva Street,St. Catharines,L2N2G1,43.1784519,-79.2412686
LCBO,N,N,Y,Y,Y,Y,Y,N,N,300 King George Road,Brantford,N3R5L8,43.1816069,-80.2806744
LCBO,N,N,Y,Y,Y,Y,Y,N,N,196 Main Street,Lucan,N0M2J0,43.1891194,-81.4054019
LCBO,N,N,Y,Y,Y,Y,Y,N,N,1798 Stone Church Road East,Stoney Creek,L8J0K5,43.1908542,-79.8131189
LCBO,N,N,Y,Y,Y,Y,Y,N,N,25 Mechanic Street,Paris,N3L1K1,43.191874,-80.3842318
LCBO,N,N,Y,Y,Y,Y,Y,N,N,25 Elm Street,Grimsby,L3M1H4,43.1925034,-79.5618756
LCBO,N,N,Y,Y,Y,Y,Y,N,N,1191 Wilson Street West,Ancaster,L9G0E8,43.1970414,-80.022102
LCBO,N,N,Y,Y,Y,Y,Y,N,N,115 Lakeshore Road,St. Catharines,L2N2T6,43.2046659,-79.2437493
LCBO,N,N,Y,Y,Y,Y,Y,N,N,1550 Upper James Street,Hamilton,L9B1J5,43.2050138,-79.8938257
LCBO,N,N,Y,Y,Y,Y,Y,N,N,1342 South Service Road,Hamilton,L8E5E4,43.21716,-79.6415262
LCBO,N,N,Y,Y,Y,Y,Y,N,N,76 Mall Road,Hamilton,L8V4X6,43.2210462,-79.8615502
LCBO,N,N,Y,Y,Y,Y,Y,N,N,"122 Highway 8, Stoney Creek Plaza",Stoney Creek,L8G1C2,43.2232972,-79.7462209
LCBO,N,N,Y,Y,Y,Y,Y,N,N,1561 Niagara Stone Road,Virgil,L0S1J0,43.2234181,-79.1195329
LCBO,N,N,Y,Y,Y,Y,Y,N,N,737 Golf Links Road,Ancaster,L9K1L5,43.2260536,-79.9538143
LCBO,N,N,Y,Y,Y,Y,Y,N,N,971 Fennell Avenue East,Hamilton,L8T1R1,43.2287097,-79.8368961
LCBO,N,N,Y,Y,Y,Y,Y,N,N,75 Centennial Parkway North,Hamilton,L8E2P2,43.2311747,-79.7655715
LCBO,N,N,Y,Y,Y,Y,Y,N,N,657 Upper James Street,Hamilton,L9C5R8,43.2355057,-79.8764123
LCBO,N,N,Y,Y,Y,Y,Y,N,N,1601 Main Street East,Hamilton,L8H1C4,43.2384258,-79.8015279
LCBO,N,N,Y,Y,Y,Y,Y,N,N,1149 Barton Street East,Hamilton,L8H2V2,43.2516716,-79.8133415
LCBO,N,N,Y,Y,Y,Y,Y,N,N,233 Dundurn Street South,Hamilton,L8P4K8,43.2545179,-79.8909711
LCBO,N,N,Y,Y,Y,Y,Y,N,N,20 Queen Street,Niagara-on-the-Lake,L0S1J0,43.2549078,-79.0716774
LCBO,N,N,Y,Y,Y,Y,Y,N,N,119 Osler Drive,Dundas,L9H6X4,43.2571822,-79.9411556
LCBO,N,N,Y,Y,Y,Y,Y,N,N,"2 King Street West, Unit 405",Hamilton,L8P1A1,43.2583547,-79.8709115
LCBO,N,N,Y,Y,Y,Y,Y,N,N,115 Parkview Drive,St. Marys,N4X1B1,43.2611318,-81.1430909
LCBO,N,N,Y,Y,Y,Y,Y,N,N,"49 Main Street East, Building A",Grand Bend,N0M1T0,43.3107172,-81.7524586
LCBO,N,N,Y,Y,Y,Y,Y,N,N,74 Dundas Street East,Waterdown,L9H0C2,43.3161997,-79.9114429
LCBO,N,N,Y,Y,Y,Y,Y,N,N,82 Hope Street West,Tavistock,N0B2R0,43.3204256,-80.8391825
LCBO,N,N,Y,Y,Y,Y,Y,N,N,413 Elizabeth Street,Burlington,L7R2L8,43.3259472,-79.7955749
LCBO,N,N,Y,Y,Y,Y,Y,N,N,1235 Fairview Street,Burlington,L7S2H9,43.3310383,-79.8194314
LCBO,N,N,Y,Y,Y,Y,Y,N,N,130 Cedar Street,Cambridge,N1S1W4,43.3523369,-80.328247
LCBO,N,N,Y,Y,Y,Y,Y,N,N,146 Main Street South,Exeter,N0M1S1,43.3524411,-81.4813151
LCBO,N,N,Y,Y,Y,Y,Y,N,N,200 Franklin Boulevard,Cambridge,N1R8N8,43.355343,-80.2876808
LCBO,N,N,Y,Y,Y,Y,Y,N,N,3365 Fairview Street,Burlington,L7N3N9,43.35550162,-79.78545328
LCBO,N,N,Y,Y,Y,Y,Y,N,N,2025 Guelph Line,Burlington,L7P3B6,43.3667792,-79.8224957
LCBO,N,N,Y,Y,Y,Y,Y,N,N,501 Appleby Line,Burlington,L7L2Y1,43.3688662,-79.7553574
LCBO,N,N,Y,Y,Y,Y,Y,N,N,91 Wellington Street,Stratford,N5A2L3,43.369,-80.983179
LCBO,N,N,Y,Y,Y,Y,Y,N,N,1067 Ontario Street,Stratford,N5A6W6,43.3703143,-80.9457198
LCBO,N,N,Y,Y,Y,Y,Y,N,N,366 Waterloo Street,New Hamburg,N3A1T6,43.3866771,-80.7120986
LCBO,N,N,Y,Y,Y,Y,Y,N,N,350 Hespeler Road,Cambridge,N1R6J6,43.3907766,-80.3231821
LCBO,N,N,Y,Y,Y,Y,Y,N,N,3041 Walkers Line,Burlington,L7M0W3,43.3928413,-79.8240546
LCBO,N,N,Y,Y,Y,Y,Y,N,N,1145 King Street East,Cambridge,N3H3P7,43.3930083,-80.3520748
LCBO,N,N,Y,Y,Y,Y,Y,N,N,123 Pioneer Drive,Kitchener,N2P2A3,43.39313361,-80.43117387
LCBO,N,N,Y,Y,Y,Y,Y,N,N,2000 Appleby Line,Burlington,L7L6M6,43.3943801,-79.7918528
LCBO,N,N,Y,Y,Y,Y,Y,N,N,1527 Rebecca Street,Oakville,L6L1Z8,43.4112032,-79.7062755
LCBO,N,N,Y,Y,Y,Y,Y,N,N,"101 Holiday Inn Drive, Unit C",Cambridge,N3C1Z3,43.4191738,-80.3243053
LCBO,N,N,Y,Y,Y,Y,Y,N,N,655 Fairway Road South,Kitchener,N2C1X4,43.41922583,-80.45170027
LCBO,N,N,Y,Y,Y,Y,Y,N,N,11 Main Street,Zurich,N0M2T0,43.421452,-81.6189636
LCBO,N,N,Y,Y,Y,Y,Y,N,N,721 Ottawa Street South,Kitchener,N2E0A9,43.4241903,-80.4829669
LCBO,N,N,Y,Y,Y,Y,Y,N,N,235 Ira Needles Boulevard,Kitchener,N2N0B2,43.4253388,-80.5530771
LCBO,N,N,Y,Y,Y,Y,Y,N,N,324 Highland Road West,Kitchener,N2M5G2,43.439053,-80.5099451
LCBO,N,N,Y,Y,Y,Y,Y,N,N,72941 London Road,Hensall,N0M1X0,43.440584,-81.5004677
LCBO,N,N,Y,Y,Y,Y,Y,N,N,270 North Service Road West,Oakville,L6M2R8,43.447527,-79.7032635
LCBO,N,N,Y,Y,Y,Y,Y,N,N,"1005 Ottawa Street North, Unit A",Kitchener,N2A1H2,43.4494707,-80.4455343
LCBO,N,N,Y,Y,Y,Y,Y,N,N,340 King Street West,Kitchener,N2G1B7,43.4521292,-80.4954718
LCBO,N,N,Y,Y,Y,Y,Y,N,N,321 Cornwall Road,Oakville,L6J7Z5,43.4579143,-79.6787239
LCBO,N,N,Y,Y,Y,Y,Y,N,N,617 Victoria Street North,Kitchener,N2H5G3,43.4605789,-80.474285
LCBO,N,N,Y,Y,Y,Y,Y,N,N,115 King Street South,Waterloo,N2J5A3,43.4624236,-80.5220525
LCBO,N,N,Y,Y,Y,Y,Y,N,N,450 Columbia St West,Waterloo,N2T2W1,43.4670083,-80.5683063
LCBO,N,N,Y,Y,Y,Y,Y,N,N,136 St. Andrew Street,Mitchell,N0K1N0,43.4678104,-81.1956705
LCBO,N,N,Y,Y,Y,Y,Y,N,N,1011 Upper Middle Road East,Oakville,L6H4L2,43.4818164,-79.696432
LCBO,N,N,Y,Y,Y,Y,Y,N,N,251 Oak Walk Drive,Oakville,L6H6M3,43.4850595,-79.7198625
LCBO,N,N,Y,Y,Y,Y,Y,N,N,1025 Bronte Street South,Milton,L9T8X3,43.488519,-79.8587015
LCBO,N,N,Y,Y,Y,Y,Y,N,N,571 King Street North,Waterloo,N2L5Z7,43.5012039,-80.5337216
LCBO,N,N,Y,Y,Y,Y,Y,N,N,50 Clair Road East,Guelph,N1L0G6,43.5016907,-80.1877794
LCBO,N,N,Y,Y,Y,Y,Y,N,N,930 Southdown Road,Mississauga,L5J2Y4,43.5081314,-79.6325339
LCBO,N,N,Y,Y,Y,Y,Y,N,N,14 Main Street East,Milton,L9T1N3,43.5088296,-79.8873244
LCBO,N,N,Y,Y,Y,Y,Y,N,N,615 Scottsdale Drive,Guelph,N1G3P4,43.51411524,-80.23945425
LCBO,N,N,Y,Y,Y,Y,Y,N,N,995 Paisley Road,Guelph,N1K1X6,43.5236501,-80.2871438
LCBO,N,N,Y,Y,Y,Y,Y,N,N,830 Main Street East,Milton,L9T0J4,43.5252243,-79.8684763
LCBO,N,N,Y,Y,Y,Y,Y,N,N,2458 Dundas Street West,Mississauga,L5K1R8,43.5273896,-79.6749979
LCBO,N,N,Y,Y,Y,Y,Y,N,N,"16 Wellington Street West, Building B",Guelph,N1H3R9,43.5399213,-80.2446992
LCBO,N,N,Y,Y,Y,Y,Y,N,N,175 Lakeshore Road West,Mississauga,L5H0A6,43.5474241,-79.5898509
LCBO,N,N,Y,Y,Y,Y,Y,N,N,50 Main Street North,Seaforth,N0K1W0,43.5547754,-81.3917916
LCBO,N,N,Y,Y,Y,Y,Y,N,N,71 Main Street South,Bayfield,N0M1G0,43.5552829,-81.6914126
LCBO,N,N,Y,Y,Y,Y,Y,N,N,200 Lakeshore Road East,Mississauga,L5G1G3,43.557862,-79.5790929
LCBO,N,N,Y,Y,Y,Y,Y,N,N,5100 Erin Mills Parkway,Mississauga,L5M4Z5,43.5586447,-79.7115912
LCBO,N,N,Y,Y,Y,Y,Y,N,N,69 Main Street South,Milverton,N0K1M0,43.5609855,-80.9253633
LCBO,N,N,Y,Y,Y,Y,Y,N,N,378 Speedvale Avenue East,Guelph,N1E1N5,43.5675171,-80.2571051
LCBO,N,N,Y,Y,Y,Y,Y,N,N,3020 Elmcreek Road,Mississauga,L5B4M3,43.5680235,-79.6313056
LCBO,N,N,Y,Y,Y,Y,Y,N,N,6975 Meadowvale Town Centre,Mississauga,L5N2W7,43.581938,-79.7579496
LCBO,N,N,Y,Y,Y,Y,Y,N,N,128 Queen Street South,Mississauga,L5M1K8,43.5825927,-79.7176109
LCBO,N,N,Y,Y,Y,Y,Y,N,N,25 Hillcrest Avenue,Mississauga,L5B1K5,43.5827027,-79.6215277
LCBO,N,N,Y,Y,Y,Y,Y,N,N,315 Arthur Street South,Elmira,N3B3L5,43.5858724,-80.561913
LCBO,N,N,Y,Y,Y,Y,Y,N,N,1077 North Service Road,Mississauga,L4Y1A6,43.5926476,-79.5750689
LCBO,N,N,Y,Y,Y,Y,Y,N,N,3730 Lake Shore Boulevard West,Toronto,M8W1N6,43.5936541,-79.5407635
LCBO,N,N,Y,Y,Y,Y,Y,N,N,3017 Argentia Road,Mississauga,L5N8P7,43.5972826,-79.7860982
LCBO,N,N,Y,Y,Y,Y,Y,N,N,65 Square One Drive,Mississauga,L5B0E2,43.597375,-79.6432389
LCBO,N,N,Y,Y,Y,Y,Y,N,N,2762 Lake Shore Boulevard West,Toronto,M8V1H1,43.6023828,-79.4993438
LCBO,N,N,Y,Y,Y,Y,Y,N,N,5035 Hurontario Street,Mississauga,L4Z3X7,43.6085303,-79.6534384
LCBO,N,N,Y,Y,Y,Y,Y,N,N,1125 Bloor Street East,Mississauga,L4Y2N6,43.6113689,-79.6013391
LCBO,N,N,Y,Y,Y,Y,Y,N,N,1520 Dundas Street East,Mississauga,L4X1L4,43.6114769,-79.5806902
LCBO,N,N,Y,Y,Y,Y,Y,N,N,5925 Rodeo Drive,Mississauga,L5R4C1,43.6131217,-79.6886615
LCBO,N,N,Y,Y,Y,Y,Y,N,N,1750 The Queensway,Toronto,M9C5H5,43.6148872,-79.5575417
LCBO,N,N,Y,Y,Y,Y,Y,N,N,95 Maple Street,Clinton,N0M1L0,43.6199421,-81.5377171
LCBO,N,N,Y,Y,Y,Y,Y,N,N,2218 Lake Shore Boulevard West,Toronto,M8V0C1,43.6222041,-79.4819762
LCBO,N,N,Y,Y,Y,Y,Y,N,N,1090 The Queensway,Toronto,M8Z1P7,43.6232825,-79.5182328
LCBO,N,N,Y,Y,Y,Y,Y,N,N,125 The Queensway,Etobicoke,M8Y1H6,43.6304954,-79.4822622
LCBO,N,N,Y,Y,Y,Y,Y,N,N,365 Mountainview Road South,Georgetown,L7G5X3,43.6311749,-79.8770989
LCBO,N,N,Y,Y,Y,Y,Y,N,N,250 The East Mall,Etobicoke,M9B3Y8,43.63136563,-79.55386311
LCBO,N,N,Y,Y,Y,Y,Y,N,N,256 Queen Street,Acton,L7J1P6,43.6343449,-80.0308307
LCBO,N,N,Y,Y,Y,Y,Y,N,N,"95 Housey Street, Building B",Toronto,M5V0S4,43.6376026,-79.3998555
LCBO,N,N,Y,Y,Y,Y,Y,N,N,7010 St. Barbara Boulevard,Mississauga,L5W0E6,43.6390699,-79.7147899
LCBO,N,N,Y,Y,Y,Y,Y,N,N,85 Hanna Avenue,Toronto,M6K3S3,43.6398556,-79.4197486
LCBO,N,N,Y,Y,Y,Y,Y,N,N,1357 Queen Street West,Toronto,M6K1M1,43.6407583,-79.434742
LCBO,N,N,Y,Y,Y,Y,Y,N,N,662 Burnhamthorpe Road,Toronto,M9C2Z4,43.6421653,-79.5762351
LCBO,N,N,Y,Y,Y,Y,Y,N,N,15 York Street,Toronto,M5J0A3,43.6425257,-79.3804546
LCBO,N,N,Y,Y,Y,Y,Y,N,N,49 Spadina Avenue,Toronto,M5V2J1,43.6435568,-79.3939667
LCBO,N,N,Y,Y,Y,Y,Y,N,N,15 Cooper Street,Toronto,M5E0C8,43.6443056,-79.3710295
LCBO,N,N,Y,Y,Y,Y,Y,N,N,65 Front Street West,Toronto,M5J1E6,43.6450676,-79.3812245
LCBO,N,N,Y,Y,Y,Y,Y,N,N,100 Clementine Drive,Brampton,L6Y0L8,43.6455893,-79.7551898
LCBO,N,N,Y,Y,Y,Y,Y,N,N,"200 Bay Street, Unit 115",Toronto,M5J2J2,43.6465539,-79.3798853
LCBO,N,N,Y,Y,Y,Y,Y,N,N,619 Queen Street West,Toronto,M5V2B7,43.6472812,-79.4029079
LCBO,N,N,Y,Y,Y,Y,Y,N,N,2946 Bloor Street West,Toronto,M8X1B7,43.6483665,-79.5082306
LCBO,N,N,Y,Y,Y,Y,Y,N,N,100 King Street West,Toronto,M5X1B1,43.6486573,-79.381671
LCBO,N,N,Y,Y,Y,Y,Y,N,N,87 Front Street East,Toronto,M5B1B8,43.6487718,-79.3722161
LCBO,N,N,Y,Y,Y,Y,Y,N,N,4 King Street West,Toronto,M5H1B6,43.649429,-79.3784302
LCBO,N,N,Y,Y,Y,Y,Y,N,N,1230 Dundas Street West,Toronto,M6J1X5,43.6496402,-79.4235196
LCBO,N,N,Y,Y,Y,Y,Y,N,N,272 Queen Street West,Toronto,M5V2A1,43.6498633,-79.3924057
LCBO,N,N,Y,Y,Y,Y,Y,N,N,236 Guelph Street,Georgetown,L7G4B1,43.6498909,-79.9013408
LCBO,N,N,Y,Y,Y,Y,Y,N,N,222 Front Street East,Toronto,M5A1E7,43.6510655,-79.3654134
LCBO,N,N,Y,Y,Y,Y,Y,N,N,2180 Bloor Street West,Toronto,M6S1N3,43.6517868,-79.4743874
LCBO,N,N,Y,Y,Y,Y,Y,N,N,337 Spadina Avenue,Toronto,M5T2E9,43.6547384,-79.3982022
LCBO,N,N,Y,Y,Y,Y,Y,N,N,2290 Dundas Street West,Toronto,M6R1X3,43.6553399,-79.4507672
LCBO,N,N,Y,Y,Y,Y,Y,N,N,900 Dufferin Street,Toronto,M6H4A9,43.6558736,-79.4354848
LCBO,N,N,Y,Y,Y,Y,Y,N,N,491 College Street,Toronto,M6G1A5,43.6559881,-79.4093893
LCBO,N,N,Y,Y,Y,Y,Y,N,N,9445 Mississauga Road,Brampton,L6X0Z8,43.6560811,-79.8140469
LCBO,N,N,Y,Y,Y,Y,Y,N,N,595 Bay Street,Toronto,M5G2C2,43.6565324,-79.3828452
LCBO,N,N,Y,Y,Y,Y,Y,N,N,1015 Lake Shore Boulevard East,Toronto,M4M1B4,43.6582347,-79.3287763
LCBO,N,N,Y,Y,Y,Y,Y,N,N,776 Queen Street East,Toronto,M4M1H4,43.6596804,-79.3475018
LCBO,N,N,Y,Y,Y,Y,Y,N,N,777 Bay Street,Toronto,M5G2C8,43.6604486,-79.3844341
LCBO,N,N,Y,Y,Y,Y,Y,N,N,270 The Kingsway,Toronto,M9A3T7,43.6615135,-79.5197696
LCBO,N,N,Y,Y,Y,Y,Y,N,N,879 Bloor Street West,Toronto,M6G1M4,43.6618719,-79.4250958
LCBO,N,N,Y,Y,Y,Y,Y,N,N,60 Carlton Street,Toronto,M5B2H5,43.6621911,-79.3802435
LCBO,N,N,Y,Y,Y,Y,Y,N,N,547 Yonge Street,Toronto,M4Y1Y5,43.6644271,-79.3842109
LCBO,N,N,Y,Y,Y,Y,Y,N,N,770 Bathurst Street,Toronto,M5S2R6,43.6644921,-79.4112448
LCBO,N,N,Y,Y,Y,Y,Y,N,N,2803 Dundas Street West,Toronto,M6P1Y6,43.6652281,-79.4627459
LCBO,N,N,Y,Y,Y,Y,Y,N,N,512 Parliament Street,Toronto,M4X1P4,43.6655344,-79.3687993
LCBO,N,N,Y,Y,Y,Y,Y,N,N,3520 Dundas Street West,Toronto,M6S2S1,43.6661731,-79.4887638
LCBO,N,N,Y,Y,Y,Y,Y,N,N,1654 Queen Street East,Toronto,M4L1G3,43.6669516,-79.3149933
LCBO,N,N,Y,Y,Y,Y,Y,N,N,932 Gerrard Street East,Toronto,M4M1Z2,43.6682358,-79.3411191
LCBO,N,N,Y,Y,Y,Y,Y,N,N,55 Bloor Street West,Toronto,M4W1A5,43.6692041,-79.3881592
LCBO,N,N,Y,Y,Y,Y,Y,N,N,1986 Queen Street East,Toronto,M4L1J2,43.6700881,-79.3004266
LCBO,N,N,Y,Y,Y,Y,Y,N,N,2151 St. Clair Avenue West,Toronto,M6N1K5,43.670747,-79.4729662
LCBO,N,N,Y,Y,Y,Y,Y,N,N,20 Bloor Street East,Toronto,M4W3G7,43.6709153,-79.3852243
LCBO,N,N,Y,Y,Y,Y,Y,N,N,750 Dupont Street,Toronto,M6G1Z6,43.6712,-79.42449
LCBO,N,N,Y,Y,Y,Y,Y,N,N,211 Lloyd Manor Road,Toronto,M9B6H6,43.6753756,-79.557143
LCBO,N,N,Y,Y,Y,Y,Y,N,N,232 Dupont Street,Toronto,M5R1V7,43.6754186,-79.4057248
LCBO,N,N,Y,Y,Y,Y,Y,N,N,200 Danforth Avenue,Toronto,M4K1N5,43.676989,-79.3559735
LCBO,N,N,Y,Y,Y,Y,Y,N,N,545 Steeles Avenue East,Brampton,L6W4S2,43.6780656,-79.7192266
LCBO,N,N,Y,Y,Y,Y,Y,N,N,23 Metcalfe Street,Elora,N0B1S0,43.6801475,-80.4286968
LCBO,N,N,Y,Y,Y,Y,Y,N,N,900 St. Clair Avenue West,Toronto,M6C1C5,43.6804767,-79.4334924
LCBO,N,N,Y,Y,Y,Y,Y,N,N,1145 Danforth Avenue,Toronto,M4J1M5,43.6810059,-79.3333095
LCBO,N,N,Y,Y,Y,Y,Y,N,N,10 Scrivener Square,Toronto,M4W3Y9,43.6811081,-79.3905073
LCBO,N,N,Y,Y,Y,Y,Y,N,N,1100 Kingston Road,Toronto,M1N1N4,43.681477,-79.2824707
LCBO,N,N,Y,Y,Y,Y,Y,N,N,31 Worthington Avenue,Brampton,L7A2Y7,43.6829768,-79.8166433
LCBO,N,N,Y,Y,Y,Y,Y,N,N,415 The Westway,Toronto,M9R1H5,43.6830383,-79.5658755
LCBO,N,N,Y,Y,Y,Y,Y,N,N,396 St. Clair Avenue West,Toronto,M5P3N3,43.6841477,-79.4153394
LCBO,N,N,Y,Y,Y,Y,Y,N,N,27 George Street North,Brampton,L6X1R3,43.6857022,-79.7623739
LCBO,N,N,Y,Y,Y,Y,Y,N,N,111 St. Clair Avenue West,Toronto,M4V1N5,43.6867098,-79.3992581
LCBO,N,N,Y,Y,Y,Y,Y,N,N,420 Spadina Road,Toronto,M5P2W2,43.6888385,-79.4131321
LCBO,N,N,Y,Y,Y,Y,Y,N,N,3111 Danforth Avenue,Toronto,M1L1A9,43.6910674,-79.2858594
LCBO,N,N,Y,Y,Y,Y,Y,N,N,1009 Coxwell Avenue,Toronto,M4C3G4,43.6966099,-79.3286441
LCBO,N,N,Y,Y,Y,Y,Y,N,N,2409 Dufferin Street,Toronto,M6E3X7,43.6975514,-79.4506444
LCBO,N,N,Y,Y,Y,Y,Y,N,N,1965 Yonge Street,Toronto,M4S0C1,43.699838,-79.396632
LCBO,N,N,Y,Y,Y,Y,Y,N,N,1524 Bayview Avenue,Toronto,M4G3B4,43.7039939,-79.3747801
LCBO,N,N,Y,Y,Y,Y,Y,N,N,333 Eglinton Avenue West,Toronto,M5N1A1,43.7041736,-79.4089294
LCBO,N,N,Y,Y,Y,Y,Y,N,N,45 Overlea Boulevard,Toronto,M4H1C3,43.7057953,-79.3460276
LCBO,N,N,Y,Y,Y,Y,Y,N,N,2300 Yonge Street,Toronto,M4P1E4,43.7072329,-79.399009
LCBO,N,N,Y,Y,Y,Y,Y,N,N,101 Eglinton Avenue East,Toronto,M4P1H4,43.7073371,-79.3946869
LCBO,N,N,Y,Y,Y,Y,Y,N,N,1339 Lawrence Avenue West,Toronto,M6L1A5,43.7085776,-79.4747997
LCBO,N,N,Y,Y,Y,Y,Y,N,N,97 Parkside Drive West,Fergus,N1M3M5,43.7108728,-80.3881768
LCBO,N,N,Y,Y,Y,Y,Y,N,N,65 Wicksteed Avenue,Toronto,M4G4H9,43.7108861,-79.36002
LCBO,N,N,Y,Y,Y,Y,Y,N,N,80 Peel Centre Drive,Brampton,L6T4G8,43.7125077,-79.7231544
LCBO,N,N,Y,Y,Y,Y,Y,N,N,145 Silver Reign Drive,Toronto,M9W3W4,43.712663,-79.5546042
LCBO,N,N,Y,Y,Y,Y,Y,N,N,2625d Weston Road,Toronto,M9N3W2,43.7126925,-79.5311888
LCBO,N,N,Y,Y,Y,Y,Y,N,N,700 Lawrence Avenue West,Toronto,M6A3B4,43.7163914,-79.4463898
LCBO,N,N,Y,Y,Y,Y,Y,N,N,"7205 Goreway Drive, Unit 85",Mississauga,L4T2T9,43.7182841,-79.6374099
LCBO,N,N,Y,Y,Y,Y,Y,N,N,502 Lawrence Avenue West,Toronto,M6A1A1,43.7204373,-79.4308733
LCBO,N,N,Y,Y,Y,Y,Y,N,N,1618 Wilson Avenue,Toronto,M3L1A3,43.7212518,-79.5103946
LCBO,N,N,Y,Y,Y,Y,Y,N,N,340 Queens Plate Drive,Etobicoke,M9W7J7,43.7224167,-79.5963751
LCBO,N,N,Y,Y,Y,Y,Y,N,N,2963 Kingston Road,Toronto,M1M1P1,43.7251122,-79.2319425
LCBO,N,N,Y,Y,Y,Y,Y,N,N,1900 Eglinton Avenue East,Toronto,M1L2L9,43.726617,-79.2938817
LCBO,N,N,Y,Y,Y,Y,Y,N,N,170 Sandalwood Parkway East,Brampton,L6Z1Y5,43.7268107,-79.7978447
LCBO,N,N,Y,Y,Y,Y,Y,N,N,520 Huron Road,Goderich,N7A3X8,43.7288427,-81.6885758
LCBO,N,N,Y,Y,Y,Y,Y,N,N,180 Great Lakes Drive,Brampton,L6R2K7,43.7308437,-79.7643438
LCBO,N,N,Y,Y,Y,Y,Y,N,N,1838-1844 Avenue Road,Toronto,M5M3Z5,43.730962,-79.4193989
LCBO,N,N,Y,Y,Y,Y,Y,N,N,598 Mitchell Road South,Listowel,N4W3T1,43.7321624,-80.9679882
LCBO,N,N,Y,Y,Y,Y,Y,N,N,3372 Yonge Street,Toronto,M4N2M7,43.7325126,-79.4045012
LCBO,N,N,Y,Y,Y,Y,Y,N,N,675 Wilson Avenue,Toronto,M3K1E3,43.7326263,-79.4548306
LCBO,N,N,Y,Y,Y,Y,Y,N,N,510 Brimley Road,Toronto,M1J1A7,43.7355318,-79.2481545
LCBO,N,N,Y,Y,Y,Y,Y,N,N,195 The Donway West,Toronto,M3C0H6,43.7363347,-79.3459249
LCBO,N,N,Y,Y,Y,Y,Y,N,N,1530 Albion Road,Etobicoke,M9V1B4,43.7417071,-79.5845089
LCBO,N,N,Y,Y,Y,Y,Y,N,N,575 Turnberry Street,Brussels,N0G1H0,43.7425946,-81.2504659
LCBO,N,N,Y,Y,Y,Y,Y,N,N,808 York Mills Road,North York,M3B1X8,43.75416608,-79.35666699
LCBO,N,N,Y,Y,Y,Y,Y,N,N,55 Ellesmere Road,Toronto,M1R4B7,43.7577834,-79.3140749
LCBO,N,N,Y,Y,Y,Y,Y,N,N,3441 Lawrence Avenue East,Toronto,M1H1B3,43.7580199,-79.2324853
LCBO,N,N,Y,Y,Y,Y,Y,N,N,1 York Gate Boulevard,Toronto,M3N3A1,43.75883265,-79.51951853
LCBO,N,N,Y,Y,Y,Y,Y,N,N,1115 Lodestar Road,Toronto,M3J3C1,43.7593143,-79.4664333
LCBO,N,N,Y,Y,Y,Y,Y,N,N,22 Poyntz Avenue,Toronto,M2N0J5,43.7600542,-79.4111633
LCBO,N,N,Y,Y,Y,Y,Y,N,N,9970 Airport Road,Brampton,L6S0C5,43.7618669,-79.7212415
LCBO,N,N,Y,Y,Y,Y,Y,N,N,41 Main Street,Erin,N0B1T0,43.7684703,-80.0609613
LCBO,N,N,Y,Y,Y,Y,Y,N,N,"5095 Yonge Street, A4",Toronto,M2N6Z4,43.7688696,-79.4124734
LCBO,N,N,Y,Y,Y,Y,Y,N,N,2901 Bayview Avenue,Toronto,M2K1E6,43.7698549,-79.3843036
LCBO,N,N,Y,Y,Y,Y,Y,N,N,4525 Kingston Road,Toronto,M1E2P1,43.7707478,-79.1840402
LCBO,N,N,Y,Y,Y,Y,Y,N,N,"11785 Bramalea Road, Building C2",Brampton,L6R3S9,43.7713858,-79.7788568
LCBO,N,N,Y,Y,Y,Y,Y,N,N,21 William Kitchen Road,Toronto,M1P5B7,43.7740622,-79.27971
LCBO,N,N,Y,Y,Y,Y,Y,N,N,420 Progress Avenue,Toronto,M1P5J1,43.776747,-79.2631305
LCBO,N,N,Y,Y,Y,Y,Y,N,N,1800 Sheppard Avenue East,Toronto,M2J5A7,43.7779901,-79.3440914
LCBO,N,N,Y,Y,Y,Y,Y,N,N,5508 Lawrence Avenue East,Toronto,M1C3B2,43.7795363,-79.1384804
LCBO,N,N,Y,Y,Y,Y,Y,N,N,8260 Highway 27,Woodbridge,L4H0R9,43.7844597,-79.6252319
LCBO,N,N,Y,Y,Y,Y,Y,N,N,2181 Steeles Avenue West,Toronto,M3J3N2,43.7845758,-79.4775038
LCBO,N,N,Y,Y,Y,Y,Y,N,N,2356 Kennedy Road,Toronto,M1T3H1,43.7848741,-79.2896409
LCBO,N,N,Y,Y,Y,Y,Y,N,N,7850 Weston Road,Woodbridge,L4L9N8,43.7922361,-79.549075
LCBO,N,N,Y,Y,Y,Y,Y,N,N,2946 Finch Avenue East,Toronto,M1W2T4,43.794094,-79.3294153
LCBO,N,N,Y,Y,Y,Y,Y,N,N,6267 Yonge Street,Toronto,M2M3X6,43.7949348,-79.4188263
LCBO,N,N,Y,Y,Y,Y,Y,N,N,785 Milner Avenue,Toronto,M1B3C3,43.7968481,-79.2047106
LCBO,N,N,Y,Y,Y,Y,Y,N,N,1563 Steeles Avenue East,Toronto,M2M3Y7,43.8054203,-79.3841169
LCBO,N,N,Y,Y,Y,Y,Y,N,N,180 Promenade Circle,Thornhill,L4J0E4,43.808439,-79.4500363
LCBO,N,N,Y,Y,Y,Y,Y,N,N,1571 Sandhurst Circle,Toronto,M1V1V2,43.80846133,-79.27020021
LCBO,N,N,Y,Y,Y,Y,Y,N,N,705 Kingston Road,Pickering,L1V6K3,43.8189047,-79.1147594
LCBO,N,N,Y,Y,Y,Y,Y,N,N,440 Main Street West,Palmerston,N0G2P0,43.8328932,-80.8573644
LCBO,N,N,Y,Y,Y,Y,Y,N,N,5979 Steeles Avenue East,Toronto,M1V5P7,43.8350112,-79.2562788
LCBO,N,N,Y,Y,Y,Y,Y,N,N,105 Bayly Street West,Ajax,L1S7K7,43.8418581,-79.0225501
LCBO,N,N,Y,Y,Y,Y,Y,N,N,8783 Yonge Street,Richmond Hill,L4C6Z1,43.8423986,-79.4298294
LCBO,N,N,Y,Y,Y,Y,Y,N,N,3631 Major Mackenzie Drive,Vaughan,L4H0A2,43.8449201,-79.555555
LCBO,N,N,Y,Y,Y,Y,Y,N,N,1899 Brock Road,Pickering,L1V4H7,43.8454402,-79.072538
LCBO,N,N,Y,Y,Y,Y,Y,N,N,9310 Bathurst Street,Maple,L6A4N9,43.8486363,-79.4594546
LCBO,N,N,Y,Y,Y,Y,Y,N,N,2943 Major Mackenzie Drive,Maple,L6A1C6,43.8486584,-79.5350674
LCBO,N,N,Y,Y,Y,Y,Y,N,N,3075 Highway 7 East,Markham,L3R5Y5,43.8496445,-79.3562437
LCBO,N,N,Y,Y,Y,Y,Y,N,N,3991 Highway 7,Markham,L3R5M6,43.8564706,-79.3230005
LCBO,N,N,Y,Y,Y,Y,Y,N,N,629 Victoria Street West,Whitby,L1N0E4,43.8592886,-78.9468546
LCBO,N,N,Y,Y,Y,Y,Y,N,N,9970 Dufferin Street,Vaughan,L6A4K5,43.860634,-79.4881886
LCBO,N,N,Y,Y,Y,Y,Y,N,N,30 McEwan Drive East,Bolton,L7E2Y3,43.862876,-79.7135574
LCBO,N,N,Y,Y,Y,Y,Y,N,N,40 Kingston Road East,Ajax,L1Z1G1,43.8636082,-79.023015
LCBO,N,N,Y,Y,Y,Y,Y,N,N,100 Copper Creek Drive,Markham,L6B0P2,43.8681878,-79.2282727
LCBO,N,N,Y,Y,Y,Y,Y,N,N,199 Wentworth Street West,Oshawa,L1J6P4,43.8698517,-78.8499428
LCBO,N,N,Y,Y,Y,Y,Y,N,N,16000 Airport Road,Caledon,L7C1E8,43.869857,-79.8673329
LCBO,N,N,Y,Y,Y,Y,Y,N,N,192 Bullock Drive,Markham,L3P1W2,43.8742695,-79.2818048
LCBO,N,N,Y,Y,Y,Y,Y,N,N,111 Gilbert Street East,Whitby,L1N1R1,43.8767622,-78.9398473
LCBO,N,N,Y,Y,Y,Y,Y,N,N,10375 Yonge Street,Richmond Hill,L4C3C2,43.880527,-79.4384463
LCBO,N,N,Y,Y,Y,Y,Y,N,N,1520 Major Mackenzie Drive East,Richmond Hill,L4S0A1,43.8807009,-79.3925105
LCBO,N,N,Y,Y,Y,Y,Y,N,N,219 Main Street,Markham,L3P1Y6,43.8833733,-79.2615083
LCBO,N,N,Y,Y,Y,Y,Y,N,N,151 Catherine Street West,Arthur,N0G1A0,43.8841085,-81.3079883
LCBO,N,N,Y,Y,Y,Y,Y,N,N,74 Thickson Road South,Whitby,L1N7T2,43.8846209,-78.9126577
LCBO,N,N,Y,Y,Y,Y,Y,N,N,400 Gibb Street,Oshawa,L1J0B2,43.8873667,-78.8758604
LCBO,N,N,Y,Y,Y,Y,Y,N,N,16 Albert Street West,Wingham,N0G2W0,43.891432,-81.3095756
LCBO,N,N,Y,Y,Y,Y,Y,N,N,1979 Salem Road North,Ajax,L1T0J9,43.8971681,-79.028352
LCBO,N,N,Y,Y,Y,Y,Y,N,N,22 Main Street South,Grand Valley,L9W5V4,43.898261,-80.3154568
LCBO,N,N,Y,Y,Y,Y,Y,N,N,9720 Markham Road,Markham,L6E0H8,43.9022655,-79.2672264
LCBO,N,N,Y,Y,Y,Y,Y,N,N,510 Riddell Road,Orangeville,L9W5L1,43.9039452,-80.1196094
LCBO,N,N,Y,Y,Y,Y,Y,N,N,232 Ritson Road North,Oshawa,L1G7T3,43.9055708,-78.8593608
LCBO,N,N,Y,Y,Y,Y,Y,N,N,1437 King Street East,Courtice,L1E2J7,43.9061174,-78.808332
LCBO,N,N,Y,Y,Y,Y,Y,N,N,13255 Highway 27,Nobleton,L0G1N0,43.9080283,-79.6534121
LCBO,N,N,Y,Y,Y,Y,Y,N,N,2344 Highway 2,Bowmanville,L1C0K5,43.9104478,-78.7130475
LCBO,N,N,Y,Y,Y,Y,Y,N,N,2 Queen Street South,Harriston,N0G1Z0,43.9141422,-80.8705889
LCBO,N,N,Y,Y,Y,Y,Y,N,N,170 Taunton Road West,Whitby,L1R3H8,43.9157685,-78.9602041
LCBO,N,N,Y,Y,Y,Y,Y,N,N,91 King Avenue West,Newcastle,L1B1H6,43.9174616,-78.5871974
LCBO,N,N,Y,Y,Y,Y,Y,N,N,555 Rossland Road East,Oshawa,L1K1K8,43.919098,-78.8506727
LCBO,N,N,Y,Y,Y,Y,Y,N,N,40 B Broadway,Orangeville,L9W1J4,43.9208099,-80.0872773
LCBO,N,N,Y,Y,Y,Y,Y,N,N,12300 Yonge Street,Richmond Hill,L4E0W5,43.9278652,-79.4516512
LCBO,N,N,Y,Y,Y,Y,Y,N,N,1700 King Road,King City,L7B0N1,43.9336497,-79.5078488
LCBO,N,N,Y,Y,Y,Y,Y,N,N,1409 Harmony Road,Oshawa,L1K0Z6,43.9428396,-78.8440642
LCBO,N,N,Y,Y,Y,Y,Y,N,N,462 Main Street,Wellington,K0K3L0,43.949154,-77.3653506
LCBO,N,N,Y,Y,Y,Y,Y,N,N,15 Ontario Street,Port Hope,L1A2T7,43.95208,-78.293811
LCBO,N,N,Y,Y,Y,Y,Y,N,N,11 Winchester Road East,Brooklin,L1M2J7,43.9535184,-78.9605461
LCBO,N,N,Y,Y,Y,Y,Y,N,N,63 Albert Street,Cobourg,K9A2P8,43.9584159,-78.1677093
LCBO,N,N,Y,Y,Y,Y,Y,N,N,566 Willoughby Street,Lucknow,N0G2H0,43.9593776,-81.5156625
LCBO,N,N,Y,Y,Y,Y,Y,N,N,2610 Simcoe Street North,Oshawa,L1L0R1,43.96306,-78.90522
LCBO,N,N,Y,Y,Y,Y,Y,N,N,"5710 Main Street, Unit 1",Stouffville,L4A8A9,43.9682162,-79.2647629
LCBO,N,N,Y,Y,Y,Y,Y,N,N,1111 Elgin Street West,Cobourg,K9A5H7,43.9701555,-78.1997406
LCBO,N,N,Y,Y,Y,Y,Y,N,N,195 King Street West,Mount Forest,N0G2L0,43.9798313,-80.7353275
LCBO,N,N,Y,Y,Y,Y,Y,N,N,1 Henderson Drive,Aurora,L4G4J7,43.9825373,-79.4644997
LCBO,N,N,Y,Y,Y,Y,Y,N,N,"1 Industrial Road, Unit B",Teeswater,N0G2S0,43.9932514,-81.2850315
LCBO,N,N,Y,Y,Y,Y,Y,N,N,2 Lake Street,Picton,K0K2T0,44.0032687,-77.1512576
LCBO,N,N,Y,Y,Y,Y,Y,N,N,17240 Highway 27,Schomberg,L0G1T0,44.0036273,-79.6778913
LCBO,N,N,Y,Y,Y,Y,Y,N,N,"9 Toronto Road, Highway 2",Colborne,K0K1S0,44.0050641,-77.8879645
LCBO,N,N,Y,Y,Y,Y,Y,N,N,94 First Commerce Drive,Aurora,L4G0H5,44.0131952,-79.4165173
LCBO,N,N,Y,Y,Y,Y,Y,N,N,55 Queen Street South,Tottenham,L0G1W0,44.019842,-79.8038867
LCBO,N,N,Y,Y,Y,Y,Y,N,N,15830 Bayview Avenue,Aurora,L4G7Y3,44.0202688,-79.4490287
LCBO,N,N,Y,Y,Y,Y,Y,N,N,1024 Highway 9,Mildmay,N0G2J0,44.0388628,-81.1104318
LCBO,N,N,Y,Y,Y,Y,Y,N,N,11 Park Street,Brighton,K0K1H0,44.0411587,-77.7373871
LCBO,N,N,Y,Y,Y,Y,Y,N,N,17600 Yonge Street,Newmarket,L3Y4Z1,44.056104,-79.4855044
LCBO,N,N,Y,Y,Y,Y,Y,N,N,17365 Leslie Street,Newmarket,L3Y9A3,44.062516,-79.4303542
LCBO,N,N,Y,Y,Y,Y,Y,N,N,180 Green Lane East,East Gwillimbury,L9N0A2,44.0740019,-79.482126
LCBO,N,N,Y,Y,Y,Y,Y,N,N,816 Ojibway Road,Shelburne,L9V3X9,44.0843605,-80.1854304
LCBO,N,N,Y,Y,Y,Y,Y,N,N,2b Welwood Drive,Uxbridge,L9P1Z7,44.0869789,-79.134903
LCBO,N,N,Y,Y,Y,Y,Y,N,N,5087 Rice Lake Drive North,Bewdley,K0L1E0,44.0893084,-78.3210549
LCBO,N,N,Y,Y,Y,Y,Y,N,N,1535 Highway 7a,Port Perry,L9L1B5,44.0945329,-78.9639377
LCBO,N,N,Y,Y,Y,Y,Y,N,N,646 Drum Road,Pontypool,L0A1K0,44.1004685,-78.6284593
LCBO,N,N,Y,Y,Y,Y,Y,N,N,150 Front Street,Trenton,K8V4N8,44.1039504,-77.5797369
LCBO,N,N,Y,Y,Y,Y,Y,N,N,484 Holland Street West,Bradford,L3Z0A2,44.1077922,-79.5914994
LCBO,N,N,Y,Y,Y,Y,Y,N,N,3 Victoria Street North,Walkerton,N0G2V0,44.1337865,-81.147215
LCBO,N,N,Y,Y,Y,Y,Y,N,N,5503 Highway 62,Rossmore,K8N4Z7,44.1397209,-77.3843087
LCBO,N,N,Y,Y,Y,Y,Y,N,N,36 Young Street,Alliston,L9R1P8,44.1485831,-79.8829027
LCBO,N,N,Y,Y,Y,Y,Y,N,N,4 Centre Street,Millbrook,L0A1G0,44.1521208,-78.4487777
LCBO,N,N,Y,Y,Y,Y,Y,N,N,893 10th Street,Hanover,N4N1S4,44.1552474,-81.0053746
LCBO,N,N,Y,Y,Y,Y,Y,N,N,22 Dunham Drive,Alliston,L9R0G1,44.1621946,-79.8259453
LCBO,N,N,Y,Y,Y,Y,Y,N,N,400 Dundas Street East,Belleville,K8N1E8,44.1669336,-77.3578354
LCBO,N,N,Y,Y,Y,Y,Y,N,N,114 Garafraxa Street South,Durham,N0G1R0,44.175956,-80.8187051
LCBO,N,N,Y,Y,Y,Y,Y,N,N,781 Broadway Street,Kincardine,N2Z2G1,44.1762231,-81.6150675
LCBO,N,N,Y,Y,Y,Y,Y,N,N,772200 Highway 10,Dundalk,N0C1B0,44.1779945,-80.3800386
LCBO,N,N,Y,Y,Y,Y,Y,N,N,190a Bell Boulevard,Belleville,K8P5L2,44.1871459,-77.4049007
LCBO,N,N,Y,Y,Y,Y,Y,N,N,52 Queen Street,Cookstown,L0L1L0,44.1894746,-79.7088314
LCBO,N,N,Y,Y,Y,Y,Y,N,N,78 St. George Street,Deseronto,K0K1X0,44.1949697,-77.0502849
LCBO,N,N,Y,Y,Y,Y,Y,N,N,14 King Drive North,Frankford,K0K2C0,44.2016892,-77.5968926
LCBO,N,N,Y,Y,Y,Y,Y,N,N,44 Church Street,Warkworth,K0K3K0,44.2018234,-77.8864784
LCBO,N,N,Y,Y,Y,Y,Y,N,N,18 Manitou Cresent West,Amherstview,K7N1S3,44.2191315,-76.6450207
LCBO,N,N,Y,Y,Y,Y,Y,N,N,34 Barrack Street,Kingston,K7K7A9,44.2330237,-76.4807516
LCBO,N,N,Y,Y,Y,Y,Y,N,N,76 Arlington Drive,Keswick,L4P0A9,44.2344385,-79.4501715
LCBO,N,N,Y,Y,Y,Y,Y,N,N,1280 Bath Road,Kingston,K7M4X3,44.2393324,-76.5426892
LCBO,N,N,Y,Y,Y,Y,Y,N,N,905 Princess Street,Kingston,K7L1G7,44.2409701,-76.5104471
LCBO,N,N,Y,Y,Y,Y,Y,N,N,10 Alkenbrack Street,Napanee,K7R0A6,44.256458,-76.9611217
LCBO,N,N,Y,Y,Y,Y,Y,N,N,1089 Midland Avenue,Kingston,K7P2X8,44.2627618,-76.5746149
LCBO,N,N,Y,Y,Y,Y,Y,N,N,1044 Division Street,Kingston,K7K0C3,44.2629804,-76.5013165
LCBO,N,N,Y,Y,Y,Y,Y,N,N,1218 Highway 15,Kingston,K7L0C4,44.2703527,-76.451476
LCBO,N,N,Y,Y,Y,Y,Y,N,N,879 Lansdowne Street West,Peterborough,K9J1Z5,44.2823901,-78.3395276
LCBO,N,N,Y,Y,Y,Y,Y,N,N,400 Lansdowne Street East,Peterborough,K9L0B2,44.2931999,-78.29004176
LCBO,N,N,Y,Y,Y,Y,Y,N,N,4 King Street,Omemee,K0L2W0,44.2986881,-78.5594108
LCBO,N,N,Y,Y,Y,Y,Y,N,N,125 North Street,Stirling,K0K3E0,44.2994593,-77.5488209
LCBO,N,N,Y,Y,Y,Y,Y,N,N,196 Sherbrooke Street,Peterborough,K9J2N3,44.301023,-78.32149
LCBO,N,N,Y,Y,Y,Y,Y,N,N,115 First Avenue North,Chesley,N0G1L0,44.3031935,-81.0963018
LCBO,N,N,Y,Y,Y,Y,Y,N,N,37 Front Street South,Campbellford,K0L1L0,44.3069186,-77.7977304
LCBO,N,N,Y,Y,Y,Y,Y,N,N,277 Queen Street North,Paisley,N0G2N0,44.3072517,-81.2730966
LCBO,N,N,Y,Y,Y,Y,Y,N,N,1465 Innisfil Beach Road,Innisfil,L9S4B2,44.3084988,-79.5742602
LCBO,N,N,Y,Y,Y,Y,Y,N,N,18 Front Street West,Hastings,K0L1Y0,44.3088624,-77.9574636
LCBO,N,N,Y,Y,Y,Y,Y,N,N,20954 Dalton Road,Sutton,L0E1R0,44.3121176,-79.3680015
LCBO,N,N,Y,Y,Y,Y,Y,N,N,17 Hastings Road,Pefferlaw,L0E1N0,44.3143172,-79.2045343
LCBO,N,N,Y,Y,Y,Y,Y,N,N,155 Toronto Street,Markdale,N0C1H0,44.3217558,-80.6523342
LCBO,N,N,Y,Y,Y,Y,Y,N,N,12 Elizabeth Street East,Creemore,L0M1G0,44.3256821,-80.1037658
LCBO,N,N,Y,Y,Y,Y,Y,N,N,7 Commerce Road,Angus,L0M1B2,44.329541,-79.8901636
LCBO,N,N,Y,Y,Y,Y,Y,N,N,189 King Street East,Gananoque,K7G1G3,44.3304587,-76.160745
LCBO,N,N,Y,Y,Y,Y,Y,N,N,1154 Chemong Road,Peterborough,K9H7J6,44.33064028,-78.33918863
LCBO,N,N,Y,Y,Y,Y,Y,N,N,37 Caplan Avenue,Barrie,L4N6K3,44.3371516,-79.6904635
LCBO,N,N,Y,Y,Y,Y,Y,N,N,110 Concert Way,Barrie,L4N6N5,44.3372508,-79.6833942
LCBO,N,N,Y,Y,Y,Y,Y,N,N,449 Kent Street West,Lindsay,K9V6C3,44.3483693,-78.766119
LCBO,N,N,Y,Y,Y,Y,Y,N,N,25 Cameron Street East,Cannington,L0E1E0,44.3501191,-79.0377334
LCBO,N,N,Y,Y,Y,Y,Y,N,N,461 Big Bay Point Road,Barrie,L4N3Z3,44.3557915,-79.6509187
LCBO,N,N,Y,Y,Y,Y,Y,N,N,4246 Highway 7,Norwood,K0L2V0,44.3815156,-77.9813892
LCBO,N,N,Y,Y,Y,Y,Y,N,N,861 Ward Street,Bridgenorth,K0L1H0,44.3818232,-78.3832895
LCBO,N,N,Y,Y,Y,Y,Y,N,N,55 Mary Street,Barrie,L4N1T2,44.3889311,-79.6924216
LCBO,N,N,Y,Y,Y,Y,Y,N,N,279 Sunseeker Avenue,Innisfil,L9S0J7,44.392501,-79.5330054
LCBO,N,N,Y,Y,Y,Y,Y,N,N,992 Prince Street,Lansdowne,K0E1L0,44.4003687,-76.0183948
LCBO,N,N,Y,Y,Y,Y,Y,N,N,4387 Mill Street,Sydenham,K0H2T0,44.4100852,-76.5972144
LCBO,N,N,Y,Y,Y,Y,Y,N,N,587 Cundles Road East,Barrie,L4M0J7,44.4141301,-79.6771963
LCBO,N,N,Y,Y,Y,Y,Y,N,N,534 Bayfield Street,Barrie,L4M5A2,44.4142686,-79.7134248
LCBO,N,N,Y,Y,Y,Y,Y,N,N,204 Beech Street,Stayner,L0M1S0,44.4154352,-80.0946167
LCBO,N,N,Y,Y,Y,Y,Y,N,N,2 Nichols Street,Lakefield,K0L2H0,44.4212198,-78.2705622
LCBO,N,N,Y,Y,Y,Y,Y,N,N,5120 Highway 21,Port Elgin,N0H2C0,44.4233998,-81.39858
LCBO,N,N,Y,Y,Y,Y,Y,N,N,336 Bay Street,Beaverton,L0K1A0,44.4290003,-79.1553145
LCBO,N,N,Y,Y,Y,Y,Y,N,N,906 Water Street,Warsaw,K0L3A0,44.4307919,-78.1377099
LCBO,N,N,Y,Y,Y,Y,Y,N,N,30 Ottawa Street,Havelock,K0L1Z0,44.4332102,-77.8826929
LCBO,N,N,Y,Y,Y,Y,Y,N,N,"106 Drynan Way, Unit 10",Seeley's Bay,K0H2N0,44.4740283,-76.2380099
LCBO,N,N,Y,Y,Y,Y,Y,N,N,1900 Mosley Street,Wasaga Beach,L9Z1Z3,44.4751945,-80.07473
LCBO,N,N,Y,Y,Y,Y,Y,N,N,16 Bridge Street East,Tweed,K0K3J0,44.4799461,-77.3142305
LCBO,N,N,Y,Y,Y,Y,Y,N,N,23 Forsyth Street,Marmora,K0K2M0,44.483265,-77.6830094
LCBO,N,N,Y,Y,Y,Y,Y,N,N,714 Addington Street East,Tamworth,K0K3G0,44.4878802,-76.9943448
LCBO,N,N,Y,Y,Y,Y,Y,N,N,11 Grosvenor Street North,Southampton,N0H2L0,44.4966607,-81.3731305
LCBO,N,N,Y,Y,Y,Y,Y,N,N,1 First Street,Collingwood,L9Y1A1,44.502783,-80.2182734
LCBO,N,N,Y,Y,Y,Y,Y,N,N,182 Jozo Weider Boulevard,Collingwood,L9Y0V2,44.5043518,-80.3127735
LCBO,N,N,Y,Y,Y,Y,Y,N,N,219 Russel Street,Madoc,K0K2K0,44.5101128,-77.4782778
LCBO,N,N,Y,Y,Y,Y,Y,N,N,90 Mosley Steet,Wasaga Beach,L9Z2K3,44.5216204,-80.0207646
LCBO,N,N,Y,Y,Y,Y,Y,N,N,37 King Street East,Bobcaygeon,K0M1A0,44.5358774,-78.5413588
LCBO,N,N,Y,Y,Y,Y,Y,N,N,27 Francis Street West,Fenelon Falls,K0M1N0,44.5375204,-78.7384281
LCBO,N,N,Y,Y,Y,Y,Y,N,N,2211 Gladstone Street,Brechin,L0K1B0,44.5448091,-79.1749931
LCBO,N,N,Y,Y,Y,Y,Y,N,N,1976 Lakehurst Road,Buckhorn,K0L1J0,44.5569357,-78.3490952
LCBO,N,N,Y,Y,Y,Y,Y,N,N,1002 Portage Road,Kirkfield,K0M2B0,44.5618434,-78.9826525
LCBO,N,N,Y,Y,Y,Y,Y,N,N,105 Arthur Street West,Thornbury,N0H2P0,44.5649386,-80.4597177
LCBO,N,N,Y,Y,Y,Y,Y,N,N,1613 9th Avenue East,Owen Sound,N4K3G5,44.5740281,-80.9265128
LCBO,N,N,Y,Y,Y,Y,Y,N,N,10 Shaw Street,Elmvale,L0L1P0,44.5853738,-79.8649665
LCBO,N,N,Y,Y,Y,Y,Y,N,N,179 King Street West,Brockville,K6V3R6,44.5875336,-75.6875123
LCBO,N,N,Y,Y,Y,Y,Y,N,N,31 Nelson Street,Meaford,N4L1A5,44.607463,-80.5931823
LCBO,N,N,Y,Y,Y,Y,Y,N,N,293 Coldwater Road,Orillia,L3V3M1,44.6097313,-79.4389173
LCBO,N,N,Y,Y,Y,Y,Y,N,N,201 Mississaga Street East,Orillia,L3V1W1,44.6104642,-79.413548
LCBO,N,N,Y,Y,Y,Y,Y,N,N,131 Perth Street,Elgin,K0G1E0,44.6117488,-76.2281258
LCBO,N,N,Y,Y,Y,Y,Y,N,N,39 King Street,Delta,K0E1G0,44.61205,-76.1210008
LCBO,N,N,Y,Y,Y,Y,Y,N,N,2075 Parkdale Ave,Brockville,K6V0B4,44.614976,-75.6830303
LCBO,N,N,Y,Y,Y,Y,Y,N,N,19 Main Street East,Athens,K0E1B0,44.6262132,-75.9508557
LCBO,N,N,Y,Y,Y,Y,Y,N,N,611 Main Street,Sauble Beach,N0H2G0,44.6301875,-81.2632076
LCBO,N,N,Y,Y,Y,Y,Y,N,N,13 Albert Street,Coboconk,K0M1K0,44.6583331,-78.798818
LCBO,N,N,Y,Y,Y,Y,Y,N,N,15 Church Street,Westport,K0G1X0,44.6791875,-76.3961916
LCBO,N,N,Y,Y,Y,Y,Y,N,N,34 Colbourne Street,Portland,K0G1V0,44.6986094,-76.1889633
LCBO,N,N,Y,Y,Y,Y,Y,N,N,48 Coldwater Road,Coldwater,L0K1E0,44.7061976,-79.6433687
LCBO,N,N,Y,Y,Y,Y,Y,N,N,325 King Street West,Prescott,K0E1T0,44.7079623,-75.5163893
LCBO,N,N,Y,Y,Y,Y,Y,N,N,930 Jones Road,Midland,L4R4K3,44.7289674,-79.8728968
LCBO,N,N,Y,Y,Y,Y,Y,N,N,12297 Highway 41 Front Street,Northbrook,K0H2G0,44.7357184,-77.1597036
LCBO,N,N,Y,Y,Y,Y,Y,N,N,415 William Street,Wiarton,N0H2T0,44.7435561,-81.138707
LCBO,N,N,Y,Y,Y,Y,Y,N,N,5 Fallowfield Lane,Waubaushene,L0K2C0,44.7498993,-79.7053734
LCBO,N,N,Y,Y,Y,Y,Y,N,N,3 Burleigh Street,Apsley,K0L1A0,44.7508904,-78.0915079
LCBO,N,N,Y,Y,Y,Y,Y,N,N,144 Albert Street,Victoria Harbour,L0K2A0,44.7509286,-79.7760152
LCBO,N,N,Y,Y,Y,Y,Y,N,N,8409 County Road 169,Washago,L0K2B0,44.7533771,-79.3366363
LCBO,N,N,Y,Y,Y,Y,Y,N,N,336 B Rue Lafontaine Road West,Lafontaine,L9M0H1,44.758529,-80.052759
LCBO,N,N,Y,Y,Y,Y,Y,N,N,2 Poyntz Street,Penetanguishene,L9M1M2,44.7659225,-79.9325612
LCBO,N,N,Y,Y,Y,Y,Y,N,N,4094 Highway 121,Kinmount,K0M2A0,44.7843255,-78.6527456
LCBO,N,N,Y,Y,Y,Y,Y,N,N,623 Highway 2 (Cardinal Village Square),Cardinal,K0E1E0,44.7882132,-75.3824591
LCBO,N,N,Y,Y,Y,Y,Y,N,N,24593 Highway 7,Sharbot Lake,K0H2P0,44.7970415,-76.6822907
LCBO,N,N,Y,Y,Y,Y,Y,N,N,3238 Port Severn Road,Port Severn,L0K1S0,44.8046009,-79.7169055
LCBO,N,N,Y,Y,Y,Y,Y,N,N,17 Plaza Drive,Iroquois,K0E1K0,44.8495819,-75.3166029
LCBO,N,N,Y,Y,Y,Y,Y,N,N,8 Centre Street,Coe Hill,K0L1P0,44.8616911,-77.8407322
LCBO,N,N,Y,Y,Y,Y,Y,N,N,2669 Muskoka Road 5,Honey Harbour,P0E1E0,44.871071,-79.8171059
LCBO,N,N,Y,Y,Y,Y,Y,N,N,123 Lombard Street,Smiths Falls,K7A5B8,44.8905819,-76.0297153
LCBO,N,N,Y,Y,Y,Y,Y,N,N,15 Main Street,Morrisburg,K0C1X0,44.9003191,-75.1836832
LCBO,N,N,Y,Y,Y,Y,Y,N,N,1007 Gooderham Street,Gooderham,K0M1R0,44.9067508,-78.3804082
LCBO,N,N,Y,Y,Y,Y,Y,N,N,80 Dufferin Street,Perth,K7H3A7,44.9077064,-76.26500951
LCBO,N,N,Y,Y,Y,Y,Y,N,N,155 Edward Street,Gravenhurst,P1P1K8,44.9084806,-79.3700152
LCBO,N,N,Y,Y,Y,Y,Y,N,N,205 Elgin Street,Merrickville,K0G1N0,44.91549,-75.8346999
LCBO,N,N,Y,Y,Y,Y,Y,N,N,18 Water Street,Minden,K0M2K0,44.9265731,-78.7232385
LCBO,N,N,Y,Y,Y,Y,Y,N,N,7423 Highway 506,Plevna,K0H2M0,44.962282,-76.983946
LCBO,N,N,Y,Y,Y,Y,Y,N,N,1 Ferndale Road,Lion's Head,N0H1W0,44.980806,-81.2516064
LCBO,N,N,Y,Y,Y,Y,Y,N,N,3132 Highway 169,Bala,P0C1A0,45.016543,-79.615314
LCBO,N,N,Y,Y,Y,Y,Y,N,N,99 Clarence Street,Lanark,K0G1K0,45.0183847,-76.3651168
LCBO,N,N,Y,Y,Y,Y,Y,N,N,430 Ninth Street West,Cornwall,K6J4J7,45.0248405,-74.7461362
LCBO,N,N,Y,Y,Y,Y,Y,N,N,1315-B Second Street,Cornwall,K6H7C4,45.025787,-74.705507
LCBO,N,N,Y,Y,Y,Y,Y,N,N,33 Long Sault Drive,Long Sault,K0C1P0,45.0290727,-74.8948896
LCBO,N,N,Y,Y,Y,Y,Y,N,N,324 Colonnade Drive East,Kemptville,K0G1J0,45.0299296,-75.6305001
LCBO,N,N,Y,Y,Y,Y,Y,N,N,2763 Essonville Road,Wilberforce,K0L3C0,45.0367882,-78.2226473
LCBO,N,N,Y,Y,Y,Y,Y,N,N,125 Muskoka Road 118 West,Bracebridge,P1L1T4,45.0448042,-79.3268225
LCBO,N,N,Y,Y,Y,Y,Y,N,N,230 Highland Street,Haliburton,K0M1S0,45.0463643,-78.5075406
LCBO,N,N,Y,Y,Y,Y,Y,N,N,315 Hastings Street North,Bancroft,K0L1C0,45.08219,-77.85966
LCBO,N,N,Y,Y,Y,Y,Y,N,N,578 Main Street West,Winchester,K0C2K0,45.0907911,-75.3613999
LCBO,N,N,Y,Y,Y,Y,Y,N,N,150 Queen Street,Chesterville,K0C1H0,45.1014975,-75.2365885
LCBO,N,N,Y,Y,Y,Y,Y,N,N,115 Medora Street,Port Carling,P0B1J0,45.1209107,-79.5789501
LCBO,N,N,Y,Y,Y,Y,Y,N,N,22353 Highway 41,Denbigh,K0H1L0,45.1281328,-77.2667831
LCBO,N,N,Y,Y,Y,Y,Y,N,N,525 Mcneely Avenue,Carleton Place,K7C0A8,45.1324289,-76.1184768
LCBO,N,N,Y,Y,Y,Y,Y,N,N,426 High Street,Mactier,P0C1H0,45.1340913,-79.769823
LCBO,N,N,Y,Y,Y,Y,Y,N,N,16 Molan Street,Lancaster,K0C1N0,45.1413526,-74.4987591
LCBO,N,N,Y,Y,Y,Y,Y,N,N,2641 Muskoka Road 117 East,Baysville,P0B1A0,45.1480844,-79.1192836
LCBO,N,N,Y,Y,Y,Y,Y,N,N,5921 Perth Street,Richmond,K0A2Z0,45.2026663,-75.8302892
LCBO,N,N,Y,Y,Y,Y,Y,N,N,1154 Currier Street,Ottawa,K4M1A5,45.2234682,-75.6828415
LCBO,N,N,Y,Y,Y,Y,Y,N,N,124 Queen Street,Almonte,K0A1A0,45.228428,-76.1934781
LCBO,N,N,Y,Y,Y,Y,Y,N,N,33004 Highway 62 North,Maynooth,K0L2S0,45.2310282,-77.9363799
LCBO,N,N,Y,Y,Y,Y,Y,N,N,1059 Main Street,Dorset,P0A1E0,45.2462097,-78.8935099
LCBO,N,N,Y,Y,Y,Y,Y,N,N,23 Brock Street,Tobermory,N0H2R0,45.2549993,-81.6624211
LCBO,N,N,Y,Y,Y,Y,Y,N,N,1145 Highway 141,Rosseau,P0C1J0,45.2575329,-79.6400569
LCBO,N,N,Y,Y,Y,Y,Y,N,N,757 Notre Dame Street,Embrun,K0A1W1,45.2686171,-75.302537
LCBO,N,N,Y,Y,Y,Y,Y,N,N,120 Riocan Avenue,Ottawa,K2J5G4,45.2687895,-75.7417355
LCBO,N,N,Y,Y,Y,Y,Y,N,N,4305 Strandherd Drive,Ottawa,K2J6E5,45.2706165,-75.7824874
LCBO,N,N,Y,Y,Y,Y,Y,N,N,6065 Hazeldean Road,Stittsville,K2S1B9,45.2720954,-75.931497
LCBO,N,N,Y,Y,Y,Y,Y,N,N,1140 Terry Fox Drive,Stittsville,K2S1B6,45.2758849,-75.8745585
LCBO,N,N,Y,Y,Y,Y,Y,N,N,4460 Limebank Road,Ottawa,K1V2N8,45.2877095,-75.671785
LCBO,N,N,Y,Y,Y,Y,Y,N,N,3 Main Street,Maxville,K0C1T0,45.2883328,-74.855246
LCBO,N,N,Y,Y,Y,Y,Y,N,N,703 Mill Street,Calabogie,K0J1H0,45.294082,-76.7311378
LCBO,N,N,Y,Y,Y,Y,Y,N,N,410 Main Street South,Alexandria,K0C1A0,45.3001623,-74.6281299
LCBO,N,N,Y,Y,Y,Y,Y,N,N,457 Hazeldean Road,Ottawa,K2L1V1,45.3006137,-75.8868669
LCBO,N,N,Y,Y,Y,Y,Y,N,N,644 Principale Street,Casselman,K0A1M0,45.3079887,-75.08255
LCBO,N,N,Y,Y,Y,Y,Y,N,N,499 Terry Fox Drive,Ottawa,K2T1H7,45.3108116,-75.9199687
LCBO,N,N,Y,Y,Y,Y,Y,N,N,4750 Bank Street,Ottawa,K1T0K8,45.3189534,-75.5956363
LCBO,N,N,Y,Y,Y,Y,Y,N,N,25846 Highway 35,Dwight,P0A1H0,45.3221542,-78.9941659
LCBO,N,N,Y,Y,Y,Y,Y,N,N,1811 Robertson Road,Ottawa,K2H8X3,45.33020064,-75.81675495
LCBO,N,N,Y,Y,Y,Y,Y,N,N,543 West Hunt Club Road,Ottawa,K2G5W5,45.3343292,-75.7278888
LCBO,N,N,Y,Y,Y,Y,Y,N,N,91 King William Street Unit 1,Huntsville,P1H1E5,45.3353935,-79.2031289
LCBO,N,N,Y,Y,Y,Y,Y,N,N,19 Seguin Street,Parry Sound,P2A1B2,45.343846,-80.03285
LCBO,N,N,Y,Y,Y,Y,Y,N,N,461 Donald B Munro Drive,Carp,K0A1L0,45.3447137,-76.0379502
LCBO,N,N,Y,Y,Y,Y,Y,N,N,1363 Woodroffe Avenue,Ottawa,K2G1V7,45.3508168,-75.7584962
LCBO,N,N,Y,Y,Y,Y,Y,N,N,858 March Road,Ottawa,K2W0C9,45.358378,-75.9359343
LCBO,N,N,Y,Y,Y,Y,Y,N,N,1980 Bank Street,Ottawa,K1V0E8,45.3662875,-75.6621336
LCBO,N,N,Y,Y,Y,Y,Y,N,N,2164 Carling Avenue,Ottawa,K2A1H1,45.3700943,-75.7699465
LCBO,N,N,Y,Y,Y,Y,Y,N,N,2269 Riverside Drive,Ottawa,K1H8K2,45.3853232,-75.6794691
LCBO,N,N,Y,Y,Y,Y,Y,N,N,1385 Carling Avenue,Ottawa,K1Z7L6,45.3864042,-75.7394057
LCBO,N,N,Y,Y,Y,Y,Y,N,N,2538 St. Isidore Street,St. Isidore,K0C2B0,45.3885264,-74.906237
LCBO,N,N,Y,Y,Y,Y,Y,N,N,222 Richmond Road,Ottawa,K1Z6W6,45.3939683,-75.7490987
LCBO,N,N,Y,Y,Y,Y,Y,N,N,953 Bank Street,Ottawa,K1S3W7,45.3991492,-75.6858841
LCBO,N,N,Y,Y,Y,Y,Y,N,N,1910 St. Laurent Boulevard,Ottawa,K1G1A4,45.4000529,-75.6248386
LCBO,N,N,Y,Y,Y,Y,Y,N,N,981 Wellington Street West,Ottawa,K1Y2Y1,45.4058019,-75.7230644
LCBO,N,N,Y,Y,Y,Y,Y,N,N,22 Isabella Street,Ottawa,K1S1V4,45.4107006,-75.685376
LCBO,N,N,Y,Y,Y,Y,Y,N,N,665 Industrial Avenue,Ottawa,K1G0Z1,45.4110204,-75.6393263
LCBO,N,N,Y,Y,Y,Y,Y,N,N,465 Bank Street,Ottawa,K2P1Z2,45.4114473,-75.6926399
LCBO,N,N,Y,Y,Y,Y,Y,N,N,160 Elgin St,Ottawa,K1A0W9,45.4197187,-75.6928621
LCBO,N,N,Y,Y,Y,Y,Y,N,N,45 Winner's Circle Drive,Arnprior,K7S3G9,45.4217958,-76.3679835
LCBO,N,N,Y,Y,Y,Y,Y,N,N,103a-50 Rideau Street,Ottawa,K1N9J7,45.42533104,-75.69244428
LCBO,N,N,Y,Y,Y,Y,Y,N,N,1021 Cyrville Road,Gloucester,K1J7S3,45.42629953,-75.63611828
LCBO,N,N,Y,Y,Y,Y,Y,N,N,275 Rideau Street,Ottawa,K1N5Y3,45.4289434,-75.6863821
LCBO,N,N,Y,Y,Y,Y,Y,N,N,3926 Champlain Street,Bourget,K0A1E0,45.4311664,-75.156243
LCBO,N,N,Y,Y,Y,Y,Y,N,N,1130 Blair Road,Ottawa,K1J1K8,45.4336285,-75.6086915
LCBO,N,N,Y,Y,Y,Y,Y,N,N,230 Montreal Road,Ottawa,K1L6C6,45.4356848,-75.6618972
LCBO,N,N,Y,Y,Y,Y,Y,N,N,19 Beechwood Avenue,Ottawa,K1M1M2,45.439141,-75.6774625
LCBO,N,N,Y,Y,Y,Y,Y,N,N,4220 Innes Road,Ottawa,K4A5E6,45.4556331,-75.4976158
LCBO,N,N,Y,Y,Y,Y,Y,N,N,5150 Innes Road,Ottawa,K4A0G4,45.469773,-75.4553161
LCBO,N,N,Y,Y,Y,Y,Y,N,N,910 O'Brien Road,Renfrew,K7V0B4,45.4774136,-76.6566934
LCBO,N,N,Y,Y,Y,Y,Y,N,N,6487 Jeanne D'arc Boulevard,Ottawa,K1C2R1,45.4798882,-75.5373064
LCBO,N,N,Y,Y,Y,Y,Y,N,N,18 Dunn Street,Barry's Bay,K0J1B0,45.4880614,-77.6802931
LCBO,N,N,Y,Y,Y,Y,Y,N,N,16 Hay Creek Road,Whitney,K0J2M0,45.4925044,-78.2383121
LCBO,N,N,Y,Y,Y,Y,Y,N,N,23 Mill Street,Vankleek Hill,K0B1R0,45.5181363,-74.6526356
LCBO,N,N,Y,Y,Y,Y,Y,N,N,3000 Richelieu Street - Unit 2,Rockland,K4K0B5,45.5340657,-75.3056689
LCBO,N,N,Y,Y,Y,Y,Y,N,N,240 Old Highway 17,Plantagenet,K0B1L0,45.5398043,-74.9916253
LCBO,N,N,Y,Y,Y,Y,Y,N,N,234 Bonnechere Street,Eganville,K0J1T0,45.5400718,-77.0861565
LCBO,N,N,Y,Y,Y,Y,Y,N,N,161 Queen Street,Killaloe,K0J2A0,45.5551914,-77.4161402
LCBO,N,N,Y,Y,Y,Y,Y,N,N,86 Main Street,Kearney,P0A1M0,45.555409,-79.2241106
LCBO,N,N,Y,Y,Y,Y,Y,N,N,602 St. Philippe Street,Alfred,K0B1A0,45.5563838,-74.8898312
LCBO,N,N,Y,Y,Y,Y,Y,N,N,40-452 County Road 17,Hawkesbury,K6A1A3,45.5909929,-74.5930005
LCBO,N,N,Y,Y,Y,Y,Y,N,N,10 Commercial Drive,Burk's Falls,P0A1C0,45.6099525,-79.4021823
LCBO,N,N,Y,Y,Y,Y,Y,N,N,22 Truelove St.,Cobden,K0J1K0,45.6275398,-76.8866358
LCBO,N,N,Y,Y,Y,Y,Y,N,N,7 Church Street,Dunchurch,P0A1G0,45.6450206,-79.8541213
LCBO,N,N,Y,Y,Y,Y,Y,N,N,12 Biddy Street,Magnetawan,P0A1P0,45.6647455,-79.6427016
LCBO,N,N,Y,Y,Y,Y,Y,N,N,35 Lapasse Road,Beachburg,K0J1C0,45.7360062,-76.8637504
LCBO,N,N,Y,Y,Y,Y,Y,N,N,13 Spragge & Queen Street,Manitowaning,P0P1N0,45.7446281,-81.8072442
LCBO,N,N,Y,Y,Y,Y,Y,N,N,10403 Highway 124,Sundridge,P0A1Z0,45.7703425,-79.3939187
LCBO,N,N,Y,Y,Y,Y,Y,N,N,1050 Pembroke Street East,Pembroke,K8A6Z3,45.8206846,-77.0816018
LCBO,N,N,Y,Y,Y,Y,Y,N,N,287 Highway 124 North,South River,P0A1X0,45.8369834,-79.3767961
LCBO,N,N,Y,Y,Y,Y,Y,N,N,2 Renfrew Street,Petawawa,K8H2H3,45.8867231,-77.2581187
LCBO,N,N,Y,Y,Y,Y,Y,N,N,14 Wilson Lake Crescent,Port Loring,P0H1Y0,45.916191,-79.9859003
LCBO,N,N,Y,Y,Y,Y,Y,N,N,1 Dawson Street,Gore Bay,P0P1H0,45.918282,-82.464941
LCBO,N,N,Y,Y,Y,Y,Y,N,N,Highway 69 South,Pointe Au Baril,P0G1K0,45.9390034,-80.5827665
LCBO,N,N,Y,Y,Y,Y,Y,N,N,17 Channel Street,Killarney,P0M2A0,45.9701447,-81.5116811
LCBO,N,N,Y,Y,Y,Y,Y,N,N,17 Manitowaning Road,Little Current,P0P1K0,45.9792139,-81.9256041
LCBO,N,N,Y,Y,Y,Y,Y,N,N,601 Main Street,Powassan,P0H1Z0,46.076774,-79.359952
LCBO,N,N,Y,Y,Y,Y,Y,N,N,47 Champlain Avenue,Deep River,K0J1P0,46.1004014,-77.4885573
LCBO,N,N,Y,Y,Y,Y,Y,N,N,524 Highway 64,Alban,P0M1A0,46.1042173,-80.6324727
LCBO,N,N,Y,Y,Y,Y,Y,N,N,142 St David Street North,Noelville,P0M2N0,46.1396504,-80.431005
LCBO,N,N,Y,Y,Y,Y,Y,N,N,30 Woodward Avenue,Blind River,P0R1B0,46.1864074,-82.9535151
LCBO,N,N,Y,Y,Y,Y,Y,N,N,4 Goderich Road,Spanish,P0P2A0,46.1939645,-82.343092
LCBO,N,N,Y,Y,Y,Y,Y,N,N,250 Imperial Street South,Massey,P0P1P0,46.2119581,-82.0770267
LCBO,N,N,Y,Y,Y,Y,Y,N,N,5 Main Street North,Callander,P0H1H0,46.2227347,-79.365295
LCBO,N,N,Y,Y,Y,Y,Y,N,N,234 Yonge Street,Bonfield,P0H1E0,46.2357851,-79.1450187
LCBO,N,N,Y,Y,Y,Y,Y,N,N,163 Main Street,Thessalon,P0R1L0,46.2559437,-83.5567195
LCBO,N,N,Y,Y,Y,Y,Y,N,N,139 Barber Street,Espanola,P5E1S4,46.2643748,-81.7713219
LCBO,N,N,Y,Y,Y,Y,Y,N,N,536 Lakeshore Drive,North Bay,P1A2E6,46.2725176,-79.4432702
LCBO,N,N,Y,Y,Y,Y,Y,N,N,1 James Street,Iron Bridge,P0R1H0,46.2770791,-83.2141621
LCBO,N,N,Y,Y,Y,Y,Y,N,N,1198 Richard Street,Richard's Landing,P0R1J0,46.2927949,-84.0351356
LCBO,N,N,Y,Y,Y,Y,Y,N,N,9226 Taylor Street,Bruce Mines,P0R1C0,46.3012084,-83.7881587
LCBO,N,N,Y,Y,Y,Y,Y,N,N,186 Worthington Street West,North Bay,P1B3B2,46.3128881,-79.4627604
LCBO,N,N,Y,Y,Y,Y,Y,N,N,450 Valois Drive,Mattawa,P0H1V0,46.3167889,-78.7004781
LCBO,N,N,Y,Y,Y,Y,Y,N,N,1711 Algonquin Avenue,North Bay,P1B4Y8,46.3305739,-79.4668684
LCBO,N,N,Y,Y,Y,Y,Y,N,N,8 King Street East,St. Charles,P0M2W0,46.3626145,-80.4153435
LCBO,N,N,Y,Y,Y,Y,Y,N,N,55 Front Street,Sturgeon Falls,P2B2G8,46.3663973,-79.9303954
LCBO,N,N,Y,Y,Y,Y,Y,N,N,11 Charles Walk,Elliot Lake,P5A2A2,46.3863568,-82.647948
LCBO,N,N,Y,Y,Y,Y,Y,N,N,10442 Highway 17,Verner,P0H2M0,46.4131896,-80.1289488
LCBO,N,N,Y,Y,Y,Y,Y,N,N,145 Regional Road 24,Lively,P3Y1J1,46.4228947,-81.1434976
LCBO,N,N,Y,Y,Y,Y,Y,N,N,5-5085 Highway 69,Hanmer,P3P1P7,46.4322828,-80.9035689
LCBO,N,N,Y,Y,Y,Y,Y,N,N,2400 Long Lake Road,Sudbury,P3E5H5,46.4415158,-81.0045814
LCBO,N,N,Y,Y,Y,Y,Y,N,N,7260 Highway 535,Hagar,P0M1X0,46.4544105,-80.4158691
LCBO,N,N,Y,Y,Y,Y,Y,N,N,12 Serpentine Street,Copper Cliff,P0M1N0,46.4778581,-81.0674029
LCBO,N,N,Y,Y,Y,Y,Y,N,N,3213 Highway 17b East,Echo Bay,P0S1C0,46.4856379,-84.0710645
LCBO,N,N,Y,Y,Y,Y,Y,N,N,190 Cedar Street,Sudbury,P3E1B4,46.4927462,-80.9908824
LCBO,N,N,Y,Y,Y,Y,Y,N,N,24 - 5 Amanda Street,Coniston,P0M1M0,46.494223,-80.8460545
LCBO,N,N,Y,Y,Y,Y,Y,N,N,1099 Marcus Drive,Sudbury,P3B4K6,46.5001031,-80.9477832
LCBO,N,N,Y,Y,Y,Y,Y,N,N,293 Bay Street,Sault Ste. Marie,P6A1X3,46.5120504,-84.336174
LCBO,N,N,Y,Y,Y,Y,Y,N,N,1467 Lasalle Boulevard,Sudbury,P3A1Z8,46.5211515,-80.9424694
LCBO,N,N,Y,Y,Y,Y,Y,N,N,275 Second Line West,Sault Ste. Marie,P6C2J4,46.53684948,-84.36539662
LCBO,N,N,Y,Y,Y,Y,Y,N,N,616 Great Northern Road,Sault Ste. Marie,P6B4Z9,46.5440458,-84.3179362
LCBO,N,N,Y,Y,Y,Y,Y,N,N,3060 Falconbridge Highway,Garson,P3L1P6,46.5491737,-80.8761954
LCBO,N,N,Y,Y,Y,Y,Y,N,N,93 Notre Dame Street West,Azilda,P0M1B0,46.5518418,-81.1171739
LCBO,N,N,Y,Y,Y,Y,Y,N,N,3468 Errington Avenue,Chelmsford,P0M1L0,46.5792264,-81.1982475
LCBO,N,N,Y,Y,Y,Y,Y,N,N,3140 Highway 69 North,Val Caron,P3N1G3,46.6104547,-81.0073828
LCBO,N,N,Y,Y,Y,Y,Y,N,N,30 Regional Road 8,Onaping,P0M2R0,46.6279426,-81.4035107
LCBO,N,N,Y,Y,Y,Y,Y,N,N,12 Hanna Street,Capreol,P0M1H0,46.7062168,-80.9219116
LCBO,N,N,Y,Y,Y,Y,Y,N,N,3040 Highway 17 North,Goulais River,P0S1E0,46.7339116,-84.3491468
LCBO,N,N,Y,Y,Y,Y,Y,N,N,3 Wildflower Avenue,Temagami,P0H2H0,47.0639215,-79.7900628
LCBO,N,N,Y,Y,Y,Y,Y,N,N,28 Silver Street,Cobalt,P0J1C0,47.3957039,-79.6860339
LCBO,N,N,Y,Y,Y,Y,Y,N,N,316 Broadway Street,Haileybury,P0J1K0,47.4495585,-79.6318598
LCBO,N,N,Y,Y,Y,Y,Y,N,N,55 Armstrong Street,New Liskeard,P0J1P0,47.5112794,-79.6715038
LCBO,N,N,Y,Y,Y,Y,Y,N,N,4 - 10th Avenue South,Earlton,P0J1E0,47.7107043,-79.8247178
LCBO,N,N,Y,Y,Y,Y,Y,N,N,55 First Street,Elk Lake,P0J1G0,47.7321074,-80.3382375
LCBO,N,N,Y,Y,Y,Y,Y,N,N,65 Fourth Avenue,Englehart,P0J1H0,47.8257716,-79.8741223
LCBO,N,N,Y,Y,Y,Y,Y,N,N,25 Lorne Street South,Chapleau,P0M1K0,47.842646,-83.4008196
LCBO,N,N,Y,Y,Y,Y,Y,N,N,20 Ganley Street,Wawa,P0S1K0,47.9957117,-84.7720658
LCBO,N,N,Y,Y,Y,Y,Y,N,N,5 Summer Hayes Avenue,Kirkland Lake,P2N3H7,48.1522471,-80.036242
LCBO,N,N,Y,Y,Y,Y,Y,N,N,30 Young Street,Foleyet,P0M1T0,48.2446832,-82.4417308
LCBO,N,N,Y,Y,Y,Y,Y,N,N,1095 Arthur Street West,Thunder Bay,P7E5R8,48.3811849,-89.3065321
LCBO,N,N,Y,Y,Y,Y,Y,N,N,4793 Highway 11/17,Kakabeka Falls,P0T1W0,48.4014404,-89.6145185
LCBO,N,N,Y,Y,Y,Y,Y,N,N,969 Fort William Road,Thunder Bay,P7B3A6,48.401796,-89.2388201
LCBO,N,N,Y,Y,Y,Y,Y,N,N,100 North Cumberland Street,Thunder Bay,P7A4L9,48.4378654,-89.2166368
LCBO,N,N,Y,Y,Y,Y,Y,N,N,1010 Dawson Road,Thunder Bay,P7B5J4,48.4518351,-89.2508958
LCBO,N,N,Y,Y,Y,Y,Y,N,N,681 Algonquin Boulevard East,Timmins,P4N8S6,48.4763298,-81.3160763
LCBO,N,N,Y,Y,Y,Y,Y,N,N,423 Highway 11,Matheson,P0K1N0,48.5321858,-80.4626777
LCBO,N,N,Y,Y,Y,Y,Y,N,N,204 Elgin Street,White River,P0M3G0,48.5903982,-85.2803732
LCBO,N,N,Y,Y,Y,Y,Y,N,N,210 Third Street East,Fort Frances,P9A1P7,48.6130803,-93.3985055
LCBO,N,N,Y,Y,Y,Y,Y,N,N,Highway 11,Emo,P0W1E0,48.6321509,-93.8337574
LCBO,N,N,Y,Y,Y,Y,Y,N,N,1c Ontario Street,Marathon,P0T2E0,48.718446,-86.3807792
LCBO,N,N,Y,Y,Y,Y,Y,N,N,318 Atwood Avenue,Rainy River,P0W1L0,48.7218924,-94.5707795
LCBO,N,N,Y,Y,Y,Y,Y,N,N,116 Main Street East,Atikokan,P0T1C0,48.7577819,-91.6205907
LCBO,N,N,Y,Y,Y,Y,Y,N,N,187 Devonshire Avenue,Iroquois Falls,P0K1E0,48.76711,-80.6781831
LCBO,N,N,Y,Y,Y,Y,Y,N,N,7 Simcoe Plaza,Terrace Bay,P0T2W0,48.7825339,-87.1029793
LCBO,N,N,Y,Y,Y,Y,Y,N,N,207 Manitoba Street,Schreiber,P0T2S0,48.8080244,-87.2640099
LCBO,N,N,Y,Y,Y,Y,Y,N,N,21 Third Street,Nipigon,P0T2J0,49.0127027,-88.2619664
LCBO,N,N,Y,Y,Y,Y,Y,N,N,137 Fourth Street,Cochrane,P0L1C0,49.0637803,-81.0262159
LCBO,N,N,Y,Y,Y,Y,Y,N,N,66 Huron Walk,Manitouwadge,P0T2C0,49.127241,-85.8269273
LCBO,N,N,Y,Y,Y,Y,Y,N,N,138 Highway 11 East,Smooth Rock Falls,P0L2B0,49.2747007,-81.6255022
LCBO,N,N,Y,Y,Y,Y,Y,N,N,33a Highway 11,Moonbeam,P0L1V0,49.343194,-82.1570241
LCBO,N,N,Y,Y,Y,Y,Y,N,N,300 Main Street (Ignace Shopping Centre),Ignace,P0T1T0,49.4163901,-91.6609098
LCBO,N,N,Y,Y,Y,Y,Y,N,N,25 Brunetville Road,Kapuskasing,P5N2E9,49.4191867,-82.4190118
LCBO,N,N,Y,Y,Y,Y,Y,N,N,222 Main Street,Beardmore,P0T1G0,49.6020883,-87.9593996
LCBO,N,N,Y,Y,Y,Y,Y,N,N,275 King Street East,Mattice,P0L1T0,49.6112326,-83.259733
LCBO,N,N,Y,Y,Y,Y,Y,N,N,806 George Street,Hearst,P0L1N0,49.689033,-83.6630213
LCBO,N,N,Y,Y,Y,Y,Y,N,N,Highway 17 & Rocky Ridge Road,Kenora,P9N1A1,49.7156875,-94.7916573
LCBO,N,N,Y,Y,Y,Y,Y,N,N,100 Main Street,Geraldton,P0T1M0,49.7259071,-86.9489706
LCBO,N,N,Y,Y,Y,Y,Y,N,N,202 10th Street,Keewatin,P0X1C0,49.7618914,-94.5541376
LCBO,N,N,Y,Y,Y,Y,Y,N,N,546 Park Street,Kenora,P9N1A1,49.7677714,-94.4822841
LCBO,N,N,Y,Y,Y,Y,Y,N,N,116 Forestry Road,Longlac,P0T2A0,49.7807853,-86.5354476
LCBO,N,N,Y,Y,Y,Y,Y,N,N,99 King Street North,Dryden,P8N1C1,49.7845422,-92.8340607
LCBO,N,N,Y,Y,Y,Y,Y,N,N,Highway 17 & 142 Tower Road,Vermilion Bay,P0V2V0,49.8565793,-93.3761252
LCBO,N,N,Y,Y,Y,Y,Y,N,N,44 Front Street,Sioux Lookout,P8T1A1,50.0983469,-91.9152226
LCBO,N,N,Y,Y,Y,Y,Y,N,N,112 Quebec Street,Nakina,P0T2H0,50.1781109,-86.7102557
LCBO,N,N,Y,Y,Y,Y,Y,N,N,30 Spruce Street,Ear Falls,P0V1T0,50.6378866,-93.2377294
LCBO,N,N,Y,Y,Y,Y,Y,N,N,4 Discovery Road,Red Lake,P0V2M0,51.0184466,-93.8214629
LCBO,N,N,Y,Y,Y,Y,Y,N,N,35 First Street,Moosonee,P0L1Y0,51.2741577,-80.6465513
LCBO,N,N,Y,Y,Y,Y,Y,N,N,18 Koval Street,Pickle Lake,P0V3A0,51.4657406,-90.1980467